air_temperature_k,process_temperature_k,rotational_speed_rpm,torque_nm,tool_wear_min,failure
299.71,309.54,1480.0,47.02,176.8,0
298.12,306.23,1661.0,45.44,7.2,0
300.46,311.62,1618.2,41.11,156.0,0
298.64,308.44,1222.5,30.31,1.6,0
301.06,309.61,1443.8,44.9,229.7,0
300.75,311.0,1640.8,28.87,193.7,0
299.69,308.46,1673.1,38.36,132.5,0
301.33,310.11,1652.5,29.98,169.1,0
301.38,311.58,1482.0,43.95,55.9,0
301.3,311.78,1387.1,32.83,88.8,0
300.4,311.16,1739.8,34.4,146.2,0
301.54,312.96,1591.0,48.36,237.5,0
297.15,306.62,1671.5,25.56,55.0,0
301.71,311.88,1486.2,46.84,226.3,1
298.85,310.19,1183.6,53.52,110.1,0
299.86,310.61,1369.8,37.06,140.3,0
301.62,311.02,1619.5,74.02,122.3,1
300.52,310.69,1695.3,48.93,190.1,0
299.36,309.53,1058.6,62.56,127.0,0
303.91,313.55,1786.8,41.15,163.6,0
298.47,308.29,1444.6,36.23,104.3,0
295.25,305.96,1600.1,34.5,120.1,0
301.91,313.9,1604.1,33.88,153.3,0
299.11,308.75,1517.6,27.59,186.9,0
299.93,309.92,1484.0,41.77,223.0,1
300.84,310.09,1845.0,47.3,227.3,1
299.25,309.28,1520.4,23.0,30.8,0
297.5,307.7,1465.5,60.2,101.6,1
300.59,311.8,1484.8,33.35,74.8,0
302.9,312.86,1298.9,44.58,29.0,0
300.29,311.19,1389.4,36.19,52.9,0
302.55,313.16,1551.6,61.53,206.3,1
300.22,311.7,1521.4,45.19,224.5,0
296.55,306.85,1541.4,33.92,23.3,0
298.09,308.53,1215.3,43.32,161.6,0
300.91,310.86,1365.8,45.23,206.8,0
300.8,311.82,1371.7,43.81,60.0,0
301.92,311.42,1646.5,30.33,12.1,0
303.8,313.79,1903.4,35.58,203.7,0
298.62,308.68,1449.1,42.02,91.0,0
301.56,311.49,1542.1,29.23,101.5,0
306.33,315.46,1230.8,34.53,37.2,0
298.48,311.0,1302.3,34.03,179.5,0
302.48,312.95,1147.8,39.65,37.8,0
300.79,310.69,1595.0,52.37,162.1,0
300.09,310.59,1604.4,35.22,142.7,0
298.47,307.76,1310.6,33.9,224.3,0
299.69,308.97,1286.9,49.09,72.0,0
298.65,310.18,1679.0,44.87,239.6,1
301.24,311.55,1460.1,63.16,211.4,1
299.2,309.63,1641.0,26.52,146.8,0
302.9,312.78,1831.4,40.91,71.9,0
297.55,305.53,1559.3,43.7,25.7,0
298.49,308.23,1273.6,30.27,48.9,0
298.96,308.38,1110.2,41.56,203.1,0
298.57,308.94,1809.0,40.38,152.9,0
299.75,311.39,1319.8,36.63,2.3,0
303.69,314.63,1686.1,32.87,200.3,0
300.62,311.04,1362.0,59.99,191.1,0
302.74,311.1,1533.9,47.34,24.7,0
300.78,308.74,1291.5,47.73,37.1,1
303.62,312.77,1824.8,37.28,211.5,0
299.85,308.95,1793.9,32.42,207.4,1
299.63,311.38,1784.1,52.74,206.1,1
300.9,309.89,1391.0,56.75,54.6,0
301.3,311.4,1330.1,57.62,232.1,0
298.73,307.95,1721.6,38.54,225.4,0
301.23,311.11,1637.5,38.17,26.0,0
297.04,307.69,1404.3,52.57,122.7,0
298.03,308.9,1491.6,55.7,0.4,0
302.22,311.66,1443.4,23.84,161.0,0
299.5,309.79,1417.3,32.32,75.3,0
301.84,310.54,1451.9,48.18,98.0,0
298.63,309.11,1631.0,47.49,225.7,0
302.27,311.48,1428.6,51.96,0.1,0
299.51,310.54,1270.0,32.98,111.6,0
298.7,308.95,1118.2,43.61,191.0,0
300.41,310.78,1246.4,38.63,80.4,0
301.39,309.87,1440.1,33.69,47.8,0
301.48,311.59,1153.8,43.03,17.5,0
297.58,308.3,1595.1,54.51,118.7,1
300.11,311.57,1800.0,40.58,184.8,0
301.65,312.3,1703.5,62.5,124.3,1
301.44,311.67,1615.1,31.0,192.3,0
297.06,304.48,1136.3,26.18,213.9,1
299.55,308.39,1610.0,28.98,215.3,0
298.47,308.59,1504.4,54.25,183.8,0
297.22,307.03,1488.9,43.97,68.6,0
299.76,310.63,1404.9,38.64,55.5,0
298.92,307.45,1669.4,44.02,130.2,0
298.82,309.16,1157.7,50.43,140.2,0
298.68,306.82,1517.2,30.26,1.4,0
298.0,309.34,1769.8,20.28,100.6,0
299.96,308.7,1398.8,35.73,52.7,0
299.55,309.65,1360.2,52.92,97.0,0
301.14,312.11,1674.6,50.03,6.5,0
297.97,308.77,1754.5,42.43,32.6,0
299.38,309.46,1410.0,44.75,78.4,0
300.14,309.17,1504.3,21.12,60.5,1
300.34,310.44,747.7,29.43,84.0,1
297.95,306.54,1325.4,26.34,227.9,1
301.14,311.21,1687.9,50.6,135.4,0
300.62,312.14,1511.6,33.97,145.7,0
299.99,309.5,1696.4,16.55,25.9,1
301.71,311.85,1300.1,17.38,95.2,1
299.83,309.44,1407.8,26.92,24.5,0
300.55,308.62,1426.2,37.0,236.1,0
298.79,309.66,1353.1,48.63,81.9,0
302.18,310.67,1861.0,55.67,152.5,1
301.49,310.11,1230.9,46.42,231.7,0
300.89,309.73,1308.5,41.11,175.4,0
299.55,311.49,1537.2,36.28,211.6,0
297.32,307.62,1468.5,41.66,204.2,0
300.84,312.58,1300.6,57.37,168.3,0
299.95,310.09,1572.1,38.64,172.8,0
296.64,306.76,1405.4,26.58,117.8,0
300.24,309.81,1549.0,55.1,73.5,0
298.03,307.47,1314.1,37.97,179.0,0
298.49,309.85,1482.0,47.54,29.0,0
300.36,310.83,1202.6,36.21,44.4,0
300.48,311.61,1421.6,12.94,125.9,1
299.81,310.26,1544.5,46.75,43.1,0
302.46,312.57,1425.9,66.74,132.8,1
299.66,309.17,1641.7,31.45,209.5,0
297.88,308.09,1523.4,42.98,225.9,0
300.89,309.98,1726.7,46.32,12.9,0
301.52,312.56,1309.2,70.13,28.4,1
300.25,308.89,1532.6,33.08,125.4,0
297.94,308.27,1848.8,16.63,73.3,1
298.01,307.06,1472.8,15.76,49.9,1
300.71,312.14,1561.3,45.16,18.0,0
302.19,312.21,1375.8,35.39,55.6,0
299.17,307.67,1236.9,44.34,221.7,1
297.92,306.88,1673.2,35.74,130.7,0
297.38,305.63,1532.1,36.59,39.8,0
298.82,310.37,1365.3,36.52,29.8,0
298.83,307.39,1698.5,35.85,118.5,0
300.5,310.64,1355.5,43.65,60.1,0
304.29,315.68,1621.1,28.78,228.2,1
299.26,308.56,1792.8,44.2,112.9,0
297.42,305.61,1599.7,52.06,152.3,0
299.13,309.15,1406.4,47.35,160.8,0
301.12,310.42,1448.6,32.27,226.8,1
297.91,307.57,1437.3,48.12,232.8,0
294.07,303.8,1376.6,29.54,99.2,0
300.72,311.6,1510.2,26.0,182.4,0
300.73,311.94,1673.7,35.29,167.6,0
303.89,315.75,1396.8,35.33,38.0,0
297.59,307.19,1967.7,57.23,219.1,1
302.8,314.07,1214.2,40.16,122.1,0
299.44,311.32,1633.5,39.07,132.3,0
296.64,308.15,1130.3,38.94,207.4,0
300.52,309.52,1696.3,35.22,196.9,0
299.65,310.47,932.2,20.82,117.5,1
301.48,312.48,1371.7,50.47,130.4,0
298.31,308.55,1604.7,54.33,137.2,1
300.36,312.08,1786.3,44.48,169.3,0
300.74,309.82,1327.7,24.12,235.4,1
302.3,312.57,1193.4,29.16,209.8,0
297.82,307.64,1468.1,29.88,157.1,0
301.27,312.2,1660.6,38.25,166.2,0
297.7,306.12,1713.8,24.15,91.2,0
298.7,310.16,1521.6,19.74,8.6,1
302.57,313.16,2046.4,23.54,179.2,0
299.17,309.35,1256.2,24.88,106.5,1
298.51,306.48,1807.7,45.08,70.4,0
299.21,309.61,1271.9,37.49,190.2,0
300.39,310.75,1672.3,29.91,57.8,0
300.95,310.66,1366.3,41.85,61.3,0
303.61,313.72,1720.3,31.25,37.9,0
298.28,308.61,1281.0,32.54,101.8,0
300.0,311.93,1555.6,49.36,116.0,0
300.21,311.51,996.7,25.79,70.9,1
302.9,312.7,1464.4,52.77,164.6,0
299.98,309.66,1334.5,32.74,217.0,0
300.83,309.53,1346.5,51.39,149.0,0
298.6,307.16,1314.4,23.93,150.8,1
302.37,311.55,1429.8,50.05,139.1,0
299.9,309.47,1416.5,55.93,42.2,0
301.68,312.6,1717.9,37.81,219.2,1
299.84,311.7,1175.9,42.06,179.2,0
299.48,309.9,1596.5,38.73,232.0,1
299.1,306.34,1818.4,36.31,87.8,0
300.08,309.92,1307.0,37.49,161.5,0
298.76,307.59,1687.8,18.67,26.0,1
300.05,310.27,1672.6,31.46,219.7,0
303.44,314.16,1628.6,35.43,98.0,0
303.09,314.95,1429.8,50.98,23.3,0
300.82,310.47,1243.1,44.28,178.4,0
301.97,311.62,1494.9,34.21,99.6,0
301.88,312.56,1128.9,53.43,7.9,0
298.51,309.3,1837.1,33.99,23.8,0
299.01,307.86,1668.0,38.69,95.6,0
300.38,310.85,1614.5,31.01,159.1,0
298.3,307.25,1813.6,42.35,58.5,0
301.81,312.73,1778.4,47.11,49.7,0
300.86,312.83,1451.8,44.98,216.1,0
300.7,310.27,1593.6,45.54,41.9,0
299.76,309.57,1816.6,41.65,57.1,0
299.45,310.0,1780.3,45.32,126.3,0
299.94,308.8,1537.8,28.19,26.2,0
295.18,305.12,1803.1,44.71,208.1,0
295.02,305.69,1690.7,44.26,96.4,0
299.09,308.02,1559.3,37.9,19.4,0
299.43,309.2,1460.1,53.99,131.6,0
297.06,309.94,1305.7,37.9,145.3,0
302.53,313.44,1657.2,28.41,184.6,0
299.75,309.07,1376.3,42.16,81.3,0
298.01,308.31,1657.0,45.93,159.6,0
299.19,309.6,1559.4,38.27,199.6,0
300.75,311.0,1476.9,21.77,133.5,1
297.8,307.14,1455.9,44.48,84.9,0
298.31,306.87,1694.4,28.22,232.4,0
298.43,309.48,1561.1,54.22,53.8,0
303.0,314.21,1294.5,52.54,137.8,0
301.36,309.55,1828.3,37.06,147.3,0
299.71,309.53,1805.5,31.89,64.2,0
301.32,312.73,1440.6,48.49,1.5,0
301.77,310.83,1419.2,43.23,152.0,0
303.25,313.57,1540.8,50.19,81.8,0
297.81,308.98,1539.1,27.23,20.4,0
301.11,311.3,1301.1,29.9,65.3,0
298.79,307.81,1365.6,42.85,181.2,0
301.6,312.3,1443.8,54.74,116.8,0
299.7,309.44,1307.4,48.27,1.8,0
299.56,310.21,1590.0,45.83,78.7,0
303.31,313.39,1579.2,48.73,168.9,0
296.21,306.21,1524.1,36.37,206.8,0
304.48,314.74,1652.6,30.02,137.6,0
299.48,308.47,1527.7,41.36,77.9,0
300.88,309.56,1699.3,20.46,21.2,0
300.84,310.22,1314.0,33.54,95.0,0
299.33,310.18,1445.5,45.26,122.5,0
301.8,312.58,1638.6,34.83,174.6,0
301.54,309.87,1508.7,45.61,47.3,0
297.3,306.29,1437.1,34.82,185.5,0
296.65,306.71,1512.2,29.1,221.8,0
298.15,307.1,1666.3,29.42,36.2,0
301.97,312.42,1453.0,47.58,13.5,0
298.28,308.24,1441.2,41.02,199.6,0
303.54,314.47,1652.8,29.1,121.7,0
297.53,307.83,1599.4,19.46,107.9,1
301.07,309.72,1411.1,50.23,36.2,0
300.87,311.05,1633.0,34.57,171.4,0
298.77,308.75,1502.7,50.73,105.5,0
298.84,308.76,1397.6,45.84,98.1,0
298.58,309.73,1563.4,26.0,15.8,0
302.5,313.34,1438.5,55.67,157.6,0
303.38,312.25,1381.0,51.45,33.9,0
296.92,309.04,1442.9,30.54,142.8,0
301.59,311.26,1272.2,52.39,195.2,0
298.19,306.54,1480.7,24.83,126.3,0
298.72,307.89,1389.6,47.24,43.3,0
301.08,313.45,1371.5,40.62,33.0,0
303.41,314.31,1748.7,50.19,200.4,1
301.76,311.97,1509.8,34.73,90.4,0
301.98,313.59,1543.3,21.96,39.7,0
298.1,308.49,1440.8,33.41,106.6,0
299.28,310.9,1288.9,43.9,74.3,0
300.81,309.76,1587.9,31.76,227.3,1
298.42,308.61,1337.6,48.28,231.9,1
300.35,309.83,1500.0,54.32,209.8,0
303.09,314.25,1587.5,33.41,183.1,0
299.38,311.53,1616.1,48.57,227.1,0
298.23,308.51,1558.7,40.55,120.5,0
300.58,313.79,1469.6,41.69,223.4,1
297.92,306.49,1596.1,46.26,199.1,0
299.64,309.12,1445.8,29.51,1.3,0
301.35,311.72,1615.6,29.14,174.5,0
299.04,308.96,1463.9,48.22,11.5,0
296.89,307.75,1415.9,41.29,217.2,0
302.39,312.51,1505.1,45.56,103.0,0
298.89,308.4,1269.7,47.4,20.5,0
300.74,310.68,1288.7,38.06,237.2,0
298.26,308.98,1166.4,18.8,60.9,1
303.51,313.69,1335.9,53.45,150.8,0
300.44,308.82,1473.1,42.62,131.0,0
300.48,309.91,1536.6,29.01,166.9,0
297.53,306.18,1787.3,46.68,109.8,0
299.84,310.13,1516.4,42.78,224.0,0
302.5,312.41,1493.7,56.73,45.9,0
297.83,309.19,1607.5,33.29,29.9,0
297.16,308.71,1483.9,18.8,92.8,1
302.31,312.12,1091.1,40.35,124.6,0
301.02,309.49,1715.0,46.46,197.4,0
298.31,308.06,1731.9,47.09,73.6,0
298.32,307.69,1438.1,31.35,10.2,0
301.28,310.6,1644.2,39.91,235.2,1
302.54,313.19,1288.7,53.61,163.1,0
301.06,310.9,1255.2,29.09,8.4,0
303.17,313.88,1381.9,47.32,136.1,0
297.62,306.7,1664.7,36.95,183.1,0
297.8,307.25,1291.0,48.66,59.9,0
302.47,313.54,1321.9,40.06,134.8,0
299.89,310.66,930.7,51.1,68.5,0
302.01,311.43,1752.8,53.64,108.5,1
301.75,311.1,1732.0,47.93,202.9,0
299.58,309.88,1134.0,34.48,204.3,0
302.56,311.93,1558.2,28.52,29.1,0
300.33,310.85,1510.4,37.77,133.0,0
297.55,308.87,1265.3,35.61,20.7,0
297.12,310.8,1457.3,28.02,184.6,0
300.35,310.0,1754.2,37.52,108.0,0
299.22,308.39,1725.7,27.92,153.6,0
302.16,314.53,1139.3,49.03,13.3,0
300.82,311.23,1581.2,47.59,170.2,0
297.3,309.26,1775.0,28.14,60.1,0
298.33,307.38,1608.0,46.01,128.0,0
298.78,308.77,1597.2,37.92,158.1,0
299.5,308.16,1627.3,29.24,198.1,0
300.6,310.65,1351.2,29.82,156.3,0
300.22,309.19,1364.3,31.0,150.5,0
298.76,311.19,1176.6,41.93,164.4,0
299.77,310.14,1680.2,43.96,116.2,0
300.78,312.09,1390.2,54.7,176.2,0
303.49,311.4,1617.9,47.05,134.8,0
299.06,310.08,1485.1,47.5,23.2,0
299.51,310.46,1398.2,34.99,207.7,0
298.77,309.93,1382.7,55.67,119.6,0
297.66,307.55,1486.0,42.02,226.9,0
301.36,311.22,1465.1,42.57,118.8,0
302.15,311.17,1280.5,42.28,203.3,0
302.38,311.29,1514.9,30.49,96.1,0
298.81,308.53,1433.5,38.72,121.0,0
300.15,309.34,1771.2,38.97,28.5,0
301.98,311.82,1545.6,31.26,225.3,0
300.75,311.88,1445.2,40.0,32.9,0
298.87,309.85,1263.2,43.65,123.7,0
298.7,309.92,1787.4,66.05,177.4,1
299.45,310.31,1604.8,29.13,170.1,0
298.87,310.62,1317.6,51.02,235.2,0
300.93,309.39,1484.1,37.85,113.9,0
303.42,313.06,1538.7,27.05,173.1,0
298.94,308.63,1327.5,29.92,201.9,0
299.79,309.56,1582.3,38.46,4.5,0
299.55,310.08,1432.4,30.43,186.0,0
303.57,312.6,1494.3,36.43,33.1,0
300.47,311.33,1384.8,29.6,75.3,0
302.05,314.0,1407.7,47.82,185.3,0
299.48,308.07,1413.9,27.14,46.1,0
300.06,311.34,1576.0,66.53,71.4,1
299.67,310.33,1456.1,31.61,83.7,0
303.26,312.54,1486.5,45.04,162.4,0
295.93,307.85,1686.5,17.39,193.1,1
299.59,310.39,1462.9,31.01,106.2,0
299.91,311.05,1566.4,51.88,223.9,0
301.8,312.85,1385.3,36.13,160.8,0
297.2,306.92,1675.9,43.34,172.2,0
302.77,313.78,1727.5,40.41,223.0,0
303.77,312.96,1381.1,40.94,231.3,0
297.34,305.61,1699.0,46.96,128.4,0
299.21,306.89,1595.5,36.78,211.7,0
306.0,314.34,1332.0,47.05,224.8,1
303.66,312.74,1732.8,40.75,25.8,0
301.63,311.54,1724.8,39.14,118.5,0
303.62,312.89,1384.6,41.31,27.0,0
301.16,312.1,1494.7,46.41,176.8,0
300.66,309.41,1505.1,33.79,205.5,1
301.12,310.05,1729.0,47.71,44.3,0
301.12,311.8,1501.7,47.77,56.5,0
300.12,307.64,1407.5,55.17,2.7,0
298.25,306.99,1583.5,41.91,73.6,0
298.04,308.7,1721.9,30.45,74.6,0
303.3,314.8,1430.6,53.26,52.6,0
300.77,311.2,1496.5,26.36,99.8,0
297.85,307.51,1241.5,36.55,52.4,0
300.05,311.73,1552.0,37.04,107.2,0
299.77,309.38,1440.9,38.6,131.4,0
297.39,307.35,1594.5,47.21,124.9,0
301.01,311.46,1431.9,37.82,122.5,0
300.79,309.76,1301.8,39.08,13.9,0
296.47,306.89,1469.8,30.1,195.9,0
299.93,308.62,1658.8,42.58,15.3,0
304.67,314.58,1880.6,49.79,7.6,1
297.12,308.05,1549.5,12.45,155.0,1
294.48,305.99,1231.3,53.59,217.6,0
298.79,307.45,1245.9,36.44,83.5,0
301.08,312.2,1214.4,37.09,53.4,0
300.43,310.43,1419.4,54.28,130.7,0
296.35,305.98,1502.6,49.22,66.2,0
302.97,312.35,1748.8,51.86,100.6,1
300.42,308.36,1621.7,40.67,24.2,0
302.64,312.92,1483.5,36.98,177.7,0
298.81,309.23,1573.4,59.54,13.5,1
298.35,308.33,1617.3,25.15,76.5,0
297.56,306.7,1434.5,47.65,34.4,0
299.24,308.64,1480.1,43.37,227.6,1
302.38,311.64,1311.1,45.17,233.3,1
298.33,306.78,1421.8,49.42,35.8,0
297.61,308.78,1154.6,43.22,72.2,0
299.05,307.3,1699.0,33.44,232.3,0
300.99,311.55,1575.0,53.81,221.3,1
302.68,313.56,1552.0,47.36,161.7,0
296.75,305.52,1615.5,55.67,173.8,1
297.87,307.46,1610.5,33.42,229.7,0
304.72,313.74,2024.9,66.47,114.9,1
300.13,311.49,1612.7,61.31,132.5,1
300.31,309.34,1333.9,38.02,62.8,0
297.66,307.57,1913.5,56.38,112.7,1
302.37,310.5,1372.0,47.5,135.0,1
300.2,310.75,1471.6,63.31,139.0,1
299.0,309.28,1415.4,48.57,200.0,0
297.08,307.09,1444.7,32.92,197.2,0
302.8,312.5,1390.9,40.36,190.8,0
301.55,312.95,1099.6,41.64,130.1,0
299.56,309.29,1840.8,44.08,226.8,0
300.19,309.16,1571.7,33.94,169.7,0
302.37,312.44,1325.5,49.92,160.0,0
298.29,307.52,1479.3,40.09,132.4,0
302.45,312.54,1423.2,67.21,4.1,1
301.16,309.78,1636.5,19.42,25.7,1
300.93,311.25,1578.5,51.42,195.7,0
299.78,310.78,1371.7,47.31,135.6,0
301.43,311.39,1359.3,22.24,156.9,1
302.12,310.81,1646.3,45.41,132.6,0
300.26,310.31,1600.5,50.36,104.1,0
300.55,309.29,1550.6,36.51,126.8,0
301.33,311.51,1754.3,24.59,114.1,0
300.75,310.86,1844.3,30.34,135.2,0
304.5,314.97,1318.9,63.45,140.9,0
300.04,308.46,1442.2,42.39,39.0,0
300.23,312.12,1205.9,53.66,79.6,0
300.04,309.49,1788.1,38.84,120.2,0
300.66,310.61,1182.7,47.36,81.7,0
300.59,308.12,1252.8,50.42,7.1,1
299.09,312.19,1331.5,40.55,225.9,0
298.74,307.41,1714.6,47.12,191.5,0
299.81,309.41,1660.7,53.0,152.1,1
299.89,309.02,1514.4,40.63,74.0,0
298.99,309.6,1578.0,44.77,107.7,0
298.07,307.72,1666.0,41.54,22.3,0
298.55,308.04,1387.7,45.48,93.1,0
303.71,314.8,1912.1,24.48,137.3,0
300.95,311.81,1598.0,46.48,118.3,0
301.97,312.38,1317.8,45.47,18.5,0
299.98,310.73,1329.2,30.51,46.9,0
301.33,311.86,1653.5,37.16,148.8,0
300.6,309.76,1332.0,55.84,206.3,1
301.15,311.81,1614.0,37.82,75.4,0
305.14,314.56,1428.6,54.89,117.8,0
298.68,308.34,1264.1,52.93,94.3,0
301.94,312.79,1310.8,33.12,163.6,0
295.3,304.53,1225.6,43.75,105.2,0
299.21,310.69,1634.7,23.83,98.2,0
297.17,307.18,1513.2,54.64,171.7,0
300.19,309.81,1705.3,39.33,96.2,0
295.5,305.41,1419.3,28.3,189.8,0
297.3,308.94,1250.2,36.72,20.4,0
300.35,308.9,1340.8,51.4,10.6,1
302.99,312.84,1257.0,49.86,231.8,0
301.54,311.59,1282.8,39.19,139.3,0
298.07,307.58,1260.0,50.87,141.3,0
298.16,308.16,1583.6,40.72,99.8,0
300.96,310.84,1592.7,37.99,74.9,0
298.69,308.88,1296.5,41.22,105.2,0
299.42,308.59,1398.1,57.33,27.6,0
301.69,310.52,1452.3,34.62,236.1,0
300.54,311.07,1077.7,30.74,55.6,1
298.94,309.3,1378.4,31.78,7.0,0
299.0,308.56,1350.5,34.57,169.1,0
300.92,312.53,1523.3,36.65,24.4,0
300.89,310.43,1408.5,49.82,63.0,0
301.59,310.66,1344.3,29.66,146.7,0
298.42,307.94,1640.9,28.56,195.3,0
299.54,308.73,1443.0,37.23,32.1,0
301.26,311.84,1613.0,54.04,122.6,1
299.05,309.32,1414.1,44.28,152.5,0
299.0,307.65,1729.0,39.99,117.5,0
301.11,311.78,1443.1,41.01,86.2,0
301.08,311.11,1684.8,16.37,121.3,1
296.96,307.01,1202.7,49.68,117.3,0
300.43,310.55,1510.4,31.71,66.0,0
298.82,308.68,1214.1,44.36,183.8,0
299.07,308.92,1734.3,51.36,197.6,1
297.51,308.89,1777.1,44.12,131.1,0
300.93,310.9,1644.8,25.38,71.5,0
302.19,312.19,1307.5,55.0,105.4,0
303.46,313.39,1526.9,58.18,141.1,1
298.14,309.41,1427.1,35.54,33.4,0
300.37,311.03,1655.8,43.39,67.5,0
298.28,308.07,1457.6,32.08,64.2,0
303.65,311.39,1465.4,35.96,231.1,0
305.46,313.93,1562.9,36.14,207.9,0
299.1,307.28,1519.5,25.02,117.5,0
298.6,308.23,1330.6,45.63,152.1,0
300.65,310.35,1355.3,39.21,224.7,0
301.69,311.42,1810.5,40.27,175.9,0
299.74,308.64,1412.9,31.92,15.2,0
298.63,308.48,1387.7,42.95,64.4,0
300.86,310.06,1294.7,33.92,116.5,0
298.32,309.58,1578.7,41.37,188.1,0
299.0,309.13,1621.6,31.59,0.2,0
301.3,311.12,1464.0,35.07,156.0,0
302.51,314.46,1460.5,54.42,60.1,0
297.0,308.56,1591.5,48.67,73.3,0
299.54,308.85,1342.9,27.07,0.3,0
298.94,309.02,1540.5,54.93,2.2,0
298.76,307.02,1688.0,39.22,31.7,0
301.77,312.19,1489.9,35.39,75.2,0
300.8,310.43,1544.2,23.45,32.0,0
301.11,311.09,1476.9,39.75,156.0,0
297.02,307.61,1428.5,35.87,98.8,0
298.46,306.63,1570.8,42.38,180.6,0
298.33,307.8,1652.3,38.01,33.6,0
299.86,310.27,1269.9,35.54,145.8,0
300.55,309.04,1652.2,28.03,72.4,0
297.63,307.5,1498.0,31.63,13.1,0
303.99,312.5,1412.0,40.16,119.9,0
297.96,307.28,2024.7,35.89,224.1,0
301.66,310.67,1319.0,51.34,183.1,0
303.29,312.81,1566.9,40.39,62.9,0
300.68,310.77,1552.3,28.47,150.9,0
297.93,307.92,1477.7,36.04,128.8,0
298.8,308.26,1420.8,51.13,48.8,0
300.88,309.72,1302.5,48.99,200.3,0
302.83,313.46,1456.2,20.79,13.9,1
301.83,312.38,1263.9,43.96,74.2,0
299.83,308.19,1706.5,50.7,168.4,1
302.55,314.67,1188.6,37.48,173.0,0
300.52,310.97,1527.7,32.24,212.7,0
303.57,313.9,1491.0,43.6,171.0,0
299.29,309.1,1336.6,42.63,119.9,0
298.25,307.86,1497.3,44.66,137.7,0
299.75,309.04,1446.1,39.83,207.1,0
298.07,308.24,1744.6,58.72,205.8,1
302.82,311.97,1361.3,44.28,99.9,0
299.7,308.92,1653.5,44.54,120.5,0
301.03,310.67,1670.2,13.4,229.0,1
298.41,308.59,1590.0,32.63,132.7,0
301.34,311.37,1358.9,36.68,149.5,0
297.39,307.69,1190.5,40.72,46.9,0
302.74,311.75,1500.6,41.13,98.4,0
300.2,311.12,1696.7,22.68,228.2,0
297.86,306.24,1488.0,35.36,127.2,0
300.17,311.33,2069.9,52.51,170.8,1
303.76,315.0,1674.2,32.71,168.2,0
296.23,308.18,1569.5,42.28,32.0,0
300.34,309.98,1324.9,35.58,231.4,0
299.88,310.75,1587.8,25.25,176.5,0
299.34,310.06,1608.1,43.04,187.2,0
299.0,308.71,1603.3,49.62,97.6,0
294.96,304.38,1540.7,48.28,63.6,0
300.85,311.25,1368.3,22.78,167.3,1
303.68,314.16,1463.0,43.86,59.6,0
298.52,309.47,1438.3,33.04,237.8,0
298.19,308.81,1498.4,32.42,110.9,0
300.36,309.84,1838.1,41.41,235.8,0
300.86,310.0,1323.1,29.49,139.8,0
299.8,311.63,1565.1,40.5,216.6,0
303.0,314.57,1577.3,32.12,10.2,0
298.82,308.97,1201.1,31.69,94.8,0
302.98,313.26,1558.3,46.15,44.9,0
299.23,311.27,1744.2,43.0,59.0,0
299.42,310.41,1439.4,38.89,67.1,0
300.87,311.38,1664.6,31.9,151.4,0
301.15,309.46,1813.4,38.84,86.2,0
297.79,307.47,1681.5,33.84,93.2,0
300.75,311.54,1574.0,60.86,186.8,1
305.76,316.87,1198.1,36.86,239.9,1
302.37,313.23,1465.7,58.31,220.1,0
301.41,311.39,1683.3,25.32,85.2,0
302.05,310.41,1608.0,51.98,193.5,0
298.57,306.47,1775.2,42.74,227.4,0
298.81,308.56,1870.8,38.44,118.1,0
299.16,310.24,1610.5,43.91,52.5,0
299.93,309.92,1605.0,36.69,31.3,0
299.08,306.89,1588.9,32.66,5.3,0
296.18,305.02,1553.1,20.87,206.6,1
296.66,308.36,1434.2,42.82,72.4,0
300.77,311.21,1802.5,34.39,230.6,0
302.41,314.75,1356.3,18.44,188.9,1
300.45,311.76,1569.7,47.64,165.2,0
302.25,313.41,1916.2,32.29,94.0,0
305.18,315.09,1739.4,42.74,221.0,1
300.47,311.74,1591.4,37.87,178.9,0
300.43,313.26,1684.8,58.1,21.3,1
299.27,307.89,1648.2,32.89,63.7,0
300.0,310.37,1496.4,44.78,0.3,0
297.55,308.62,1867.0,35.99,118.3,0
298.18,309.05,1665.3,46.8,207.4,0
299.54,308.99,1811.4,48.64,70.8,1
297.94,310.18,1598.2,42.74,90.1,0
299.72,308.47,1563.8,37.36,142.6,0
298.26,307.51,1922.0,44.62,39.6,0
300.9,310.53,1598.2,44.03,45.6,0
298.96,307.45,1482.3,32.21,67.6,0
300.05,310.37,1189.9,31.66,36.9,0
298.64,309.45,1426.8,54.16,144.1,0
300.14,310.36,1571.3,47.3,19.7,0
300.95,310.24,1333.2,46.96,158.6,0
302.11,312.79,1649.1,59.1,88.7,1
298.53,308.79,1374.2,41.56,64.5,0
303.09,313.72,1462.2,36.32,82.5,0
294.86,304.18,1306.8,33.21,201.8,1
297.84,308.45,1636.9,31.58,211.6,0
303.8,314.83,1452.7,28.49,216.1,1
298.78,307.53,1720.4,51.54,41.5,1
305.33,315.07,1533.6,35.15,101.6,0
302.13,312.05,1752.8,39.76,200.2,0
303.75,312.57,1662.8,44.05,95.4,0
299.26,309.97,1146.6,45.28,188.8,0
298.26,307.41,1337.0,45.01,35.6,0
297.13,306.25,1880.5,31.58,135.0,0
301.32,311.81,1338.9,37.96,98.6,0
298.29,309.06,1461.5,38.25,66.1,0
301.69,312.77,1482.5,37.36,213.5,0
300.26,311.91,1837.3,29.83,4.9,0
300.7,309.93,1460.3,51.42,167.1,0
303.29,314.46,1823.4,60.22,106.3,1
300.73,310.03,1275.4,47.19,45.1,0
300.9,312.71,1482.7,23.15,208.1,1
298.83,308.77,1419.8,51.02,32.6,0
302.44,310.79,1615.9,41.18,199.9,0
300.79,310.14,1112.4,46.04,169.1,0
299.44,311.28,1244.4,39.54,29.7,0
301.9,312.08,1406.5,36.52,208.9,0
299.3,309.78,1735.9,29.77,165.3,0
299.57,310.53,1622.1,51.13,231.6,1
298.19,306.99,1477.9,50.19,4.8,0
300.65,308.97,1895.8,41.23,155.4,0
299.79,309.71,1495.1,58.08,73.3,1
302.81,312.51,1344.7,44.48,83.7,0
299.97,311.09,1351.7,23.27,95.3,1
301.92,312.64,1318.7,23.59,89.8,1
298.35,307.25,1474.2,44.56,15.3,0
302.85,312.75,1590.3,34.05,170.7,0
301.31,310.78,1680.3,53.77,215.9,1
300.87,309.59,1355.0,27.21,173.1,0
296.13,303.27,1488.9,50.4,93.2,0
303.06,313.41,1394.9,37.16,174.4,0
300.43,311.65,1585.2,18.75,161.2,1
296.14,306.05,1698.5,22.78,43.5,0
300.86,311.16,1482.2,58.15,183.1,1
301.23,312.61,1460.1,43.71,85.3,0
299.94,309.08,1538.3,31.28,62.5,0
298.93,310.81,1145.0,43.69,140.1,0
300.72,310.59,1662.9,32.46,208.2,0
299.8,310.12,1559.6,35.69,48.1,0
297.81,308.51,1665.8,33.88,75.9,0
299.26,307.56,1246.6,41.1,42.4,1
299.87,309.8,1455.1,56.74,40.5,0
300.21,309.06,1506.6,35.72,147.5,0
298.64,307.88,1672.8,37.87,9.1,0
300.6,311.52,1658.1,40.78,200.0,0
301.1,312.5,1404.7,34.59,166.4,0
299.41,309.85,1321.5,48.91,40.1,0
300.75,310.0,1426.3,55.6,143.1,0
297.81,309.59,1664.8,39.74,216.3,0
301.84,314.09,1659.3,35.0,54.8,0
299.85,309.33,1476.0,26.72,40.6,0
298.06,309.14,1858.1,44.76,61.4,0
299.38,309.31,1765.0,39.51,156.9,0
303.04,313.23,1347.5,44.89,131.3,0
298.86,308.95,1414.3,26.72,72.3,0
298.45,307.2,1469.3,53.53,32.9,0
300.46,310.05,1482.4,35.09,27.4,0
301.05,311.46,1543.7,47.43,125.6,0
300.93,312.42,1485.7,42.72,119.1,0
301.22,313.46,1493.5,40.65,161.2,0
303.17,312.12,1450.2,35.04,21.6,0
296.8,306.68,1611.3,44.57,55.5,0
301.67,311.61,1419.5,41.02,41.9,0
301.61,311.81,1549.7,31.79,177.2,0
302.79,313.74,1837.3,45.56,159.2,0
300.9,311.73,1268.0,45.32,210.8,0
300.5,309.92,1125.8,54.95,65.2,0
297.06,308.34,1580.3,26.24,191.3,0
302.34,313.35,1901.3,48.61,38.3,1
297.69,308.36,1587.4,25.74,43.5,0
298.63,309.28,1768.9,42.74,201.2,1
303.07,314.72,1640.6,46.71,11.0,0
299.87,310.74,1423.7,25.56,184.2,0
297.71,307.11,1765.4,37.94,81.2,0
296.93,306.71,1719.0,48.29,59.7,0
298.3,309.54,1242.1,52.65,134.0,0
300.67,310.64,1434.7,35.42,203.7,1
300.54,310.25,1366.5,40.39,232.8,0
300.49,311.9,1391.8,44.18,110.2,0
300.69,309.66,1621.6,31.47,28.5,0
297.09,307.11,1648.3,46.2,133.7,0
300.87,310.87,1301.6,31.54,73.1,0
298.64,308.6,1291.1,18.42,87.2,1
301.34,311.58,1278.7,43.62,148.7,0
297.12,307.37,1481.2,35.19,182.2,0
300.32,311.22,1723.7,17.35,70.1,1
296.92,306.71,1603.4,41.7,33.7,0
299.34,307.78,1693.5,48.55,45.0,0
301.81,311.39,1197.5,44.65,172.0,0
301.61,312.26,1807.3,31.52,141.3,0
300.3,309.22,1255.1,19.01,32.3,1
297.54,307.55,1901.8,47.03,201.3,1
295.5,305.38,1604.5,51.79,175.3,0
301.37,312.08,1199.3,27.77,121.0,1
295.82,307.67,1763.5,31.45,65.7,0
305.17,314.57,1407.9,41.56,99.1,0
298.97,307.39,1415.3,54.82,206.6,0
302.6,312.04,1576.5,53.33,69.7,0
298.32,309.55,1759.1,38.3,230.0,0
299.4,308.57,1625.5,46.18,115.3,0
297.32,306.68,1240.5,48.23,201.9,0
302.09,310.6,1459.7,39.68,34.9,0
299.36,308.77,1500.1,34.08,68.8,0
299.99,311.9,1445.1,32.21,180.9,0
303.59,313.96,1789.7,52.08,177.5,1
302.18,310.94,1377.1,37.23,188.2,0
300.5,309.71,1289.5,20.37,93.0,1
305.26,314.53,1412.5,51.71,3.1,0
299.98,311.37,1570.2,20.18,199.2,1
302.65,311.83,1318.9,26.58,131.2,0
297.24,306.19,1646.5,38.14,42.6,0
299.47,308.88,1599.6,50.66,90.5,0
297.7,308.25,1663.1,49.66,61.2,0
298.47,309.85,1558.6,44.77,77.4,0
304.41,315.14,1301.8,30.22,117.7,0
298.31,307.89,1533.4,31.45,52.8,0
300.3,310.64,1313.4,39.67,128.9,0
301.18,311.57,1536.9,48.74,86.6,0
300.66,312.3,903.7,33.57,197.7,1
300.26,310.24,1404.7,30.52,217.1,0
296.34,304.6,1434.9,31.98,219.8,1
298.12,308.94,1418.8,61.55,197.3,1
297.45,308.72,1449.2,41.0,215.6,0
295.15,304.94,1723.4,61.72,129.1,1
300.74,310.76,1351.1,24.88,207.6,0
301.97,312.72,1356.0,13.85,186.0,1
297.13,305.24,1498.0,34.22,110.2,0
299.58,309.95,1801.6,45.95,133.9,0
298.72,308.39,1490.3,49.9,151.3,0
299.66,309.74,1396.8,29.04,153.9,0
297.53,306.39,1259.8,32.04,17.4,0
300.85,310.64,1535.0,31.76,20.8,0
300.21,309.14,1290.8,49.0,113.8,0
298.94,308.83,1250.9,51.31,131.0,0
301.08,310.94,1324.0,20.11,190.8,1
299.75,308.79,1717.2,36.04,133.2,0
300.14,310.21,1316.5,32.92,227.3,0
299.95,307.79,1396.7,48.57,155.0,0
298.82,308.77,1562.3,58.66,46.6,1
301.5,313.13,1710.6,24.37,223.8,1
297.55,307.85,1483.0,43.61,23.6,0
299.65,308.51,1454.1,44.58,157.3,0
302.25,313.07,1627.4,34.86,108.2,0
298.73,308.16,1299.3,33.48,87.5,0
299.14,310.11,1635.3,40.23,53.2,0
299.86,308.79,1551.9,35.47,175.9,0
301.61,310.84,1403.0,46.62,132.4,0
301.23,312.45,1694.2,23.42,33.6,0
298.48,308.29,1554.3,37.39,18.1,0
302.36,312.5,1733.2,42.57,97.2,0
296.33,305.16,1286.3,36.01,239.7,0
300.3,309.36,1551.7,56.96,176.0,1
299.43,310.51,1319.4,39.34,120.5,0
297.98,306.32,1586.4,27.06,39.8,0
297.83,307.73,1688.9,62.0,158.3,1
303.2,312.87,1331.2,40.98,52.5,0
299.28,309.31,1463.7,42.16,49.6,0
301.58,311.06,1305.4,42.09,11.1,0
301.76,311.65,1437.4,28.37,199.1,0
300.79,310.12,1393.0,38.3,156.9,0
298.07,309.16,1611.0,29.64,90.3,0
302.01,311.35,1281.9,56.05,116.8,0
297.29,307.44,1401.5,39.94,39.7,0
302.54,313.21,1527.7,46.25,86.9,0
299.8,309.31,1540.5,58.12,172.9,1
297.73,307.86,1526.1,45.75,200.0,0
300.59,310.63,1404.5,37.36,151.1,0
302.53,312.85,1630.6,42.66,43.2,0
302.61,312.26,1467.9,39.25,172.7,0
299.14,308.45,1668.7,45.6,238.3,1
301.8,313.45,1241.9,29.47,196.9,0
301.22,312.56,1473.7,55.98,82.2,0
297.44,307.83,1522.5,49.79,26.1,0
301.17,313.06,1312.3,39.71,35.9,0
301.87,312.52,1461.8,38.14,188.1,0
299.0,308.99,1405.5,40.59,144.8,0
302.0,310.12,1540.5,25.7,125.3,0
299.59,309.81,1372.3,38.66,192.6,0
300.48,309.53,1249.1,31.27,182.8,0
299.7,309.27,1636.6,48.49,55.8,0
301.03,310.4,1631.9,32.83,45.4,0
299.1,307.39,1420.5,37.64,1.7,0
298.28,307.02,1431.3,48.68,37.1,0
299.11,308.49,1615.8,31.71,87.8,0
299.52,311.01,1505.8,29.68,188.1,0
298.09,308.2,1370.4,37.41,73.6,0
298.25,309.55,1468.4,20.43,158.2,1
299.97,308.88,1466.5,34.36,51.5,0
298.53,309.06,1235.7,35.17,169.6,0
302.75,314.94,1578.6,40.15,34.9,0
301.91,311.43,1617.3,42.77,19.2,0
301.91,312.14,1747.2,38.65,125.0,0
299.36,308.05,1814.3,33.8,153.7,0
298.76,309.01,1320.6,24.95,68.6,1
302.65,312.93,1370.0,39.28,40.7,0
301.44,311.61,1605.4,40.01,239.2,0
298.79,309.59,1313.6,33.78,176.9,0
300.79,310.97,1427.2,58.38,219.6,0
301.57,311.39,1407.1,35.92,223.1,0
299.86,310.88,1554.7,42.4,70.6,0
303.41,312.82,1854.3,34.51,195.2,0
297.26,306.56,1726.4,37.28,184.8,0
300.24,307.69,1306.6,42.84,140.8,1
300.98,311.07,1732.5,45.84,238.6,0
300.22,311.08,1708.6,36.67,2.3,0
300.75,310.09,1724.7,48.26,197.1,0
304.11,315.17,1333.7,41.37,214.6,0
302.87,312.38,1678.6,33.7,47.9,0
299.63,307.61,1532.5,46.49,59.9,0
299.14,308.75,1817.2,53.97,162.2,1
298.57,307.39,1520.1,27.56,10.1,0
297.23,307.38,977.4,41.4,215.3,1
294.24,304.41,1626.1,35.92,53.3,0
299.41,309.26,1562.6,29.13,129.8,0
298.0,307.98,1456.5,34.29,234.4,0
297.04,307.42,1623.5,40.51,139.4,0
298.74,309.97,1486.2,52.59,56.9,0
297.29,307.54,1359.2,48.77,50.5,0
299.41,308.49,1588.9,33.58,43.2,0
301.78,312.74,1511.1,44.55,64.8,0
300.19,311.25,1425.9,43.82,230.2,0
300.43,309.84,907.5,40.08,203.9,0
299.35,307.63,1428.5,52.22,136.3,0
297.54,308.45,1806.8,46.75,114.4,0
298.5,307.7,1413.6,48.16,134.5,0
301.4,311.08,1590.8,40.63,208.2,1
300.83,312.07,1434.0,35.01,187.3,0
298.17,309.35,1206.9,41.28,213.5,0
299.36,310.74,1566.9,44.78,193.9,0
298.53,309.73,1184.9,31.54,17.1,0
300.76,311.37,1439.1,47.58,64.2,0
299.02,308.39,1162.5,46.76,87.2,0
295.56,304.21,1401.6,43.28,5.5,0
299.59,308.13,1760.2,34.32,19.2,0
300.47,310.87,1840.4,48.01,131.6,1
301.98,312.15,1507.1,35.85,63.0,0
301.64,312.85,1616.5,34.33,59.4,0
299.4,310.77,1733.3,54.03,6.9,1
297.95,306.25,1406.8,50.13,234.0,0
299.7,310.77,1773.3,37.06,42.5,0
297.69,306.88,1347.6,30.29,125.6,0
298.9,308.24,1371.5,50.21,193.1,0
298.22,308.56,1490.6,48.49,0.0,0
301.55,309.77,1387.3,49.35,2.0,0
304.28,313.14,1475.9,40.19,103.3,0
299.61,310.31,1673.9,40.44,98.8,0
298.14,307.77,1652.5,53.98,93.5,1
298.87,309.41,1382.4,43.47,183.5,0
303.07,312.1,1441.2,32.49,178.3,0
300.75,309.79,1569.2,34.95,69.5,0
298.19,307.14,1465.2,53.83,45.1,0
300.63,310.67,1387.3,38.6,24.5,0
299.62,311.19,1481.2,32.79,36.2,0
298.17,308.21,1378.3,56.6,239.5,0
300.46,309.59,1745.7,19.52,13.4,0
300.12,309.74,1384.5,41.22,202.0,1
300.48,310.03,1515.5,32.48,185.1,0
296.94,307.51,1695.7,42.32,185.0,0
294.38,304.0,1231.7,42.57,74.9,0
298.75,310.01,1909.0,46.17,125.0,1
299.94,311.37,1619.1,59.83,207.3,1
302.15,313.07,1450.8,45.4,66.3,0
302.58,313.78,1552.6,40.16,188.0,0
297.34,307.55,1446.2,43.13,37.8,0
302.33,313.08,2056.1,25.66,150.0,0
302.68,313.21,1404.0,23.11,30.2,1
300.61,313.42,1572.6,23.68,193.3,0
298.79,309.04,1436.9,31.26,32.3,0
301.85,311.16,1361.0,43.2,167.3,0
300.47,311.07,1331.7,53.27,66.1,0
302.17,310.24,1435.9,38.73,37.2,0
299.56,310.31,1495.4,40.28,153.1,0
299.07,309.51,1852.4,42.31,186.2,0
300.22,311.81,1378.0,29.57,93.0,0
297.68,307.5,1264.8,35.62,77.4,0
299.39,309.02,1433.8,39.46,200.4,0
300.94,310.46,1418.3,40.42,137.0,0
301.51,310.26,1223.8,37.49,61.4,0
298.18,309.2,1874.8,49.94,50.1,1
295.81,305.92,1783.5,48.65,14.6,1
295.59,304.75,1350.8,44.84,170.0,0
300.7,310.0,1566.5,40.97,72.9,0
304.78,313.91,1737.1,49.21,127.6,0
300.91,312.04,1502.0,54.01,42.9,0
299.99,308.95,1702.4,48.78,85.9,0
297.14,307.52,1580.6,35.94,43.3,0
298.52,309.05,1852.9,70.12,106.3,1
298.96,309.66,1659.3,39.52,89.2,0
300.19,309.13,1462.8,26.46,135.2,0
300.77,312.43,1623.3,36.57,230.8,0
297.43,308.4,1740.9,38.56,124.2,0
301.69,311.65,1460.3,46.73,205.4,0
301.34,309.96,1462.9,52.53,133.5,0
301.04,310.78,1664.0,42.2,33.2,0
298.23,309.21,1535.0,58.15,22.1,1
296.39,307.71,1471.5,24.04,190.3,0
301.74,313.39,1412.6,27.83,217.8,0
298.99,310.53,1435.4,38.14,13.4,0
300.24,309.32,1576.5,30.53,208.3,1
300.42,311.86,1478.1,39.09,186.6,0
298.74,309.31,1716.8,43.19,35.9,0
298.59,308.58,1777.3,45.06,94.3,0
297.47,307.92,1372.5,39.79,69.5,0
299.16,309.49,1703.5,46.45,11.8,0
299.32,309.57,1189.7,39.8,31.3,0
301.69,312.65,1239.1,41.11,47.1,0
297.57,306.48,1501.6,43.85,186.4,0
297.98,310.01,1727.2,47.97,101.6,0
298.98,309.7,1466.9,38.77,73.2,0
302.76,312.65,1694.1,39.33,35.0,0
303.55,314.06,1554.1,49.2,181.9,0
300.59,310.2,1913.5,48.2,222.4,1
300.14,309.99,1469.8,35.44,108.0,0
301.36,311.46,1381.9,38.4,125.6,0
299.88,311.03,1487.5,34.52,167.7,0
302.63,312.78,1472.3,37.45,40.9,0
299.25,310.97,1456.1,37.77,157.1,0
301.98,312.03,1453.0,59.38,158.4,1
300.26,310.11,1675.3,29.29,55.5,0
295.99,307.86,1627.0,45.1,208.0,0
300.92,312.01,1103.1,45.96,5.2,0
300.04,311.27,1409.8,48.65,37.7,0
298.94,309.7,1406.7,34.8,234.8,0
301.06,309.76,1773.8,25.48,195.6,0
302.5,312.73,1480.5,45.63,215.3,0
301.67,312.18,1740.3,36.63,150.1,0
300.21,310.94,1774.2,61.75,218.3,1
298.69,308.51,1644.8,49.55,192.0,0
301.12,310.47,1439.0,28.3,32.5,0
305.45,315.38,1756.2,58.39,220.1,1
295.44,304.58,1615.8,45.92,211.1,0
300.4,308.35,1341.1,45.29,106.3,1
303.88,313.02,1631.5,36.74,187.0,0
301.0,311.4,1519.4,26.28,64.0,0
298.68,308.38,1530.7,55.15,86.2,0
299.14,308.09,1254.8,39.8,170.9,0
297.25,308.64,1402.2,40.29,46.4,0
303.33,313.67,1642.1,40.75,99.1,0
299.71,306.73,1503.3,36.31,222.5,1
301.56,310.7,1409.7,49.86,59.2,0
299.52,309.68,1483.8,30.26,75.1,0
297.48,306.42,1317.4,33.22,210.2,0
297.83,307.69,1524.7,37.39,239.0,0
297.42,308.41,1297.2,35.73,151.4,0
301.58,311.83,1377.0,45.09,198.6,0
297.97,308.22,1454.3,37.81,124.1,0
302.36,313.83,1224.9,44.79,27.2,0
300.85,308.53,1467.8,34.91,99.3,0
298.8,308.99,1260.3,31.51,48.5,0
298.54,308.75,1359.5,19.64,191.2,1
299.8,309.3,1648.2,47.18,87.1,0
298.05,307.9,1555.0,28.42,227.9,0
297.5,308.67,1698.0,33.24,158.3,0
302.37,314.0,1622.8,54.23,100.7,1
298.75,310.34,1261.7,44.65,28.2,0
300.91,311.41,1401.3,34.68,110.1,0
301.54,310.55,1872.4,40.75,57.1,0
298.07,307.47,1438.1,42.18,144.0,0
300.08,311.34,1332.2,31.27,198.1,0
301.08,311.25,1471.9,37.75,204.9,0
300.88,310.16,1550.1,38.48,100.1,0
301.3,312.64,1288.5,30.14,142.8,0
300.29,309.68,1272.5,43.64,223.6,0
299.42,310.33,1451.2,42.58,102.6,0
298.42,308.16,1683.9,51.52,65.9,1
297.6,307.39,1417.3,27.03,26.2,0
299.64,308.24,1706.3,39.08,165.3,0
305.36,314.18,1442.9,53.33,76.0,0
293.57,303.05,1442.4,44.19,135.0,0
297.19,307.02,1386.8,40.3,146.3,0
298.57,305.88,1539.7,40.02,150.1,0
302.86,314.17,1704.8,4.65,99.4,1
298.71,309.82,1482.4,38.85,48.3,0
299.3,311.03,1424.0,51.11,77.7,0
303.04,313.1,1343.1,53.48,147.8,0
301.22,311.33,1420.8,47.94,161.4,0
303.09,312.19,1374.2,30.92,150.5,0
301.93,311.15,1339.4,55.06,99.3,0
299.82,307.92,1411.8,55.3,75.7,0
298.67,308.52,1372.8,23.52,213.1,1
301.59,311.44,2006.3,45.58,150.4,1
301.43,310.34,1313.9,48.6,207.5,0
299.52,308.69,1682.4,42.04,119.3,0
300.17,311.26,1619.6,37.87,72.6,0
302.67,313.81,1569.2,18.22,106.5,1
302.27,312.45,1383.1,40.0,221.7,0
296.58,306.32,1726.7,55.88,197.3,1
302.78,312.21,1694.2,51.89,110.2,1
299.45,308.27,1917.6,40.6,164.9,0
299.29,309.05,1445.9,40.64,124.9,0
299.06,308.33,1362.4,35.95,214.1,0
300.57,311.32,1418.3,49.78,28.2,0
300.95,311.59,1750.2,41.34,123.4,0
300.5,311.39,1458.5,45.02,169.0,0
299.69,310.42,1723.7,45.97,81.3,0
299.01,309.19,1234.5,42.74,25.4,0
301.99,312.34,1604.6,52.15,142.3,0
301.6,310.27,1384.0,34.22,196.2,0
299.31,307.86,1025.2,34.37,181.4,1
298.96,309.07,1655.5,19.27,112.4,1
297.08,307.5,1450.2,29.16,55.6,0
300.65,312.61,1204.9,25.19,94.1,1
299.08,307.67,1589.8,19.92,108.8,1
302.23,312.44,1380.9,48.94,41.0,0
300.31,308.96,1558.4,43.35,196.2,0
300.51,309.66,1311.5,25.69,127.9,0
298.32,308.92,1335.5,31.32,233.7,0
298.02,309.56,1234.8,30.52,104.5,0
300.58,309.36,1523.1,54.69,18.7,0
302.37,311.82,1259.8,41.12,111.1,0
296.5,305.87,1701.2,62.34,16.7,1
302.85,314.01,1523.5,30.33,118.6,0
299.53,309.16,1653.8,20.93,216.8,0
301.13,311.13,1631.1,49.92,93.6,0
298.84,308.53,1434.5,32.07,136.9,0
301.46,311.02,1680.2,36.28,235.8,0
300.22,310.29,1682.5,39.13,30.6,0
299.47,310.39,1443.3,39.0,168.8,0
300.81,309.96,1732.1,24.66,56.5,0
299.41,308.45,1426.6,48.94,91.6,0
297.17,306.76,1385.2,41.02,92.3,0
303.41,312.54,1852.1,68.5,160.8,1
300.51,310.8,1786.3,41.58,116.8,0
294.39,305.57,1722.4,47.27,99.8,0
296.61,307.09,1349.8,33.57,43.2,0
297.47,307.4,1339.6,42.89,44.6,0
297.92,307.12,1575.6,33.97,120.4,0
297.87,308.54,1166.1,60.53,136.4,0
299.73,309.26,1226.2,41.77,34.1,0
299.33,306.48,1811.1,38.22,111.6,0
303.7,314.69,1672.9,45.97,178.0,0
300.78,310.68,1285.1,26.68,75.0,0
301.74,312.04,1536.1,28.93,123.0,0
296.81,307.12,1097.5,52.11,191.6,0
299.87,310.13,1765.0,32.25,174.5,0
299.34,309.2,1392.0,41.02,12.4,0
303.63,313.52,1394.9,34.21,19.8,0
296.1,306.03,1483.3,45.25,67.4,0
300.21,310.08,1585.2,44.0,142.0,0
301.27,312.15,1549.8,32.73,168.2,0
296.43,306.6,1606.7,33.01,20.3,0
302.86,314.7,1619.4,49.65,238.5,0
300.16,311.23,1419.6,34.76,176.2,0
298.39,309.58,1503.1,35.04,40.2,0
298.64,309.14,1492.7,23.3,127.8,0
297.72,308.79,1400.5,40.89,208.9,0
301.96,311.48,1300.3,16.99,163.9,1
304.32,314.89,1207.5,20.99,103.6,1
303.44,312.47,1427.8,46.79,23.6,0
298.87,308.05,1543.4,23.55,176.2,0
298.88,308.53,1356.1,53.06,43.2,0
297.14,306.7,1513.7,38.65,23.4,0
301.73,312.39,1528.1,48.01,46.3,0
300.87,310.94,1743.8,34.49,200.5,1
297.97,306.77,1758.6,53.49,31.2,1
297.62,305.84,1069.5,29.46,215.0,1
299.95,311.07,1736.5,34.43,221.4,0
296.12,307.08,1519.8,31.23,38.9,0
303.1,313.88,1380.1,46.04,14.4,0
301.51,311.29,1305.0,44.24,222.9,0
301.01,312.06,1690.5,53.45,52.4,1
297.26,305.53,1481.9,35.44,17.5,0
298.63,308.3,1138.6,47.1,35.7,0
297.04,305.25,1427.6,33.23,168.0,0
302.16,311.42,1075.1,37.71,117.8,0
296.45,307.2,1561.0,22.79,129.6,0
304.96,315.01,1585.5,29.56,136.1,0
301.73,311.36,1424.4,30.8,151.7,0
300.84,310.73,1052.4,34.5,19.3,0
296.7,307.13,1432.8,35.01,9.4,0
299.03,309.46,1372.1,19.92,151.3,1
299.47,309.8,1302.9,27.92,33.6,0
301.12,312.61,1325.9,33.61,15.1,0
298.34,308.12,1166.5,35.99,107.8,0
300.55,310.54,1797.5,46.07,10.3,0
302.67,313.9,1401.0,30.39,162.7,0
300.8,310.4,1140.3,29.12,8.9,1
301.83,312.96,1104.0,44.02,11.0,0
299.68,309.18,1527.0,42.83,73.8,0
300.6,309.54,1615.0,51.75,196.3,0
301.84,312.57,1538.6,33.27,193.1,0
296.73,307.55,1769.4,38.32,77.8,0
302.59,312.39,1722.7,54.46,190.3,1
300.24,308.9,1453.3,44.36,33.9,0
297.34,308.12,1317.4,36.46,222.2,0
303.14,314.28,1262.6,28.74,3.8,0
299.78,309.79,1533.4,43.9,156.4,0
301.57,310.89,1609.3,23.9,166.2,0
300.78,312.16,1316.4,38.51,225.1,0
301.22,311.37,1059.0,40.02,150.5,0
300.38,309.47,1631.9,40.21,28.2,0
299.12,309.04,1303.0,52.91,129.5,0
300.66,312.34,1421.9,33.23,46.5,0
300.88,309.42,1700.2,37.77,42.3,0
299.71,309.45,1409.5,33.53,104.3,0
298.17,309.73,1502.8,37.03,177.7,0
301.11,310.83,1545.9,28.76,27.9,0
302.53,311.55,1366.5,35.11,47.7,0
299.21,308.41,1529.0,31.26,23.5,0
299.69,307.68,1409.8,44.98,113.0,0
295.81,306.02,1753.1,58.12,109.2,1
299.18,309.53,1452.0,26.11,234.1,0
302.14,313.24,1590.8,41.98,204.4,0
300.87,311.68,1685.1,31.09,189.5,0
298.22,307.17,1730.0,63.22,205.2,1
301.44,310.53,1740.8,39.64,200.9,0
299.59,307.97,1503.4,48.9,139.1,0
302.08,311.24,1639.4,50.51,1.2,0
300.57,310.53,1197.3,43.14,8.1,0
297.76,307.54,1599.3,22.28,108.6,0
300.15,311.43,1791.1,41.27,228.0,0
299.18,310.57,1673.2,46.17,73.2,0
298.86,306.97,1499.3,37.78,109.2,0
300.56,308.54,1236.6,49.9,88.9,1
297.24,307.56,1544.1,37.06,214.4,0
302.06,312.28,1446.0,63.98,130.2,1
300.97,309.28,1824.3,50.05,176.6,1
304.54,315.35,1328.3,21.38,26.6,1
298.15,309.19,1425.8,44.64,134.1,0
302.87,313.51,1642.5,67.07,57.3,1
301.73,312.48,1720.0,35.08,230.2,0
299.96,309.25,1414.6,46.3,163.3,0
299.88,310.24,1383.0,49.54,126.4,0
302.26,313.36,1403.3,28.89,70.1,0
297.4,306.16,1808.3,33.88,225.8,0
301.72,311.02,1836.8,50.31,69.2,1
300.93,310.8,1454.9,55.25,119.1,0
301.72,310.86,1395.5,34.03,232.7,0
301.25,311.93,1257.0,44.97,70.0,0
303.74,314.52,1548.4,64.12,154.7,1
298.44,308.92,1402.8,32.94,142.4,0
298.74,306.93,1355.7,42.87,31.7,1
300.3,309.7,1487.0,51.48,233.0,0
301.78,312.05,1395.6,41.65,221.8,0
298.82,311.44,1647.2,26.99,159.9,0
300.84,311.45,1651.8,42.23,30.4,0
299.92,310.56,1455.8,38.98,76.1,0
298.93,309.73,1396.1,38.52,72.4,0
301.79,311.3,1399.1,40.02,109.9,0
299.92,310.0,1464.6,12.82,79.5,1
299.37,308.28,1393.0,63.26,235.4,1
301.56,312.59,1662.1,34.03,165.4,0
299.51,307.38,1645.8,49.72,73.9,0
296.87,307.98,1425.2,41.47,13.2,0
298.33,307.3,1573.4,63.07,66.7,1
302.46,312.64,1247.0,45.01,21.0,0
298.69,308.64,1398.7,52.41,226.4,1
299.27,309.7,1605.0,32.37,89.5,0
299.6,310.51,1862.9,37.13,21.0,0
299.7,308.63,1824.5,39.16,69.3,0
301.82,309.33,1159.7,49.81,33.5,1
299.28,309.06,1553.5,50.95,208.2,1
304.64,315.66,1503.0,35.7,98.3,0
301.78,311.25,1233.9,34.59,181.3,0
300.84,311.33,1331.6,48.59,10.1,0
301.75,310.07,1423.4,52.07,111.2,0
300.14,310.15,1464.2,64.92,200.2,1
297.6,305.86,1318.3,45.79,165.1,1
300.03,310.53,1401.5,71.7,16.0,1
299.93,308.61,1167.9,31.94,150.7,0
296.96,307.19,1657.7,48.18,138.1,0
300.67,310.18,1647.4,43.15,210.8,0
300.83,311.51,1152.7,50.68,85.4,0
299.39,310.58,1699.1,35.32,183.9,0
300.36,310.77,1503.7,27.47,209.4,1
299.33,308.55,1391.5,25.97,23.0,0
296.74,305.84,1716.8,40.98,89.5,0
298.18,308.27,1570.9,37.53,37.1,0
300.23,310.87,1698.0,31.69,199.5,0
297.57,307.37,1213.0,34.7,27.4,0
299.23,309.33,1671.0,19.42,115.1,1
299.28,310.16,1654.5,20.84,143.4,0
300.16,309.25,1489.2,37.66,195.5,0
300.68,312.62,1580.8,45.59,30.1,0
300.55,310.85,1385.5,23.69,18.7,1
300.52,308.86,1582.9,41.26,190.3,0
299.3,309.27,1600.9,45.19,15.9,0
298.34,306.88,1581.7,17.98,49.3,1
301.04,310.67,1453.2,43.5,203.0,1
301.75,311.46,1613.0,49.97,174.9,0
300.13,311.43,1692.1,47.66,3.4,0
300.27,310.91,1422.9,61.11,128.9,1
300.9,310.82,1547.8,51.54,169.9,0
298.22,309.21,1079.3,49.31,43.4,0
298.8,309.57,1528.8,47.01,27.1,0
301.02,310.97,1574.8,43.45,182.9,0
299.28,308.05,1655.3,42.25,27.8,0
299.43,310.75,1313.1,65.29,106.5,0
298.44,308.16,1571.6,34.9,16.7,0
301.23,310.27,1451.3,34.33,239.7,0
301.7,312.36,1458.8,36.46,34.4,0
297.83,308.61,1829.1,53.59,234.7,1
301.8,311.66,1044.8,22.82,29.5,1
301.69,310.32,1449.3,55.56,139.7,0
299.49,311.24,1387.4,32.06,114.2,0
298.38,307.77,1355.1,40.78,184.3,0
301.18,311.66,1246.8,40.24,32.3,0
300.53,310.72,1746.5,46.26,233.3,0
299.5,308.98,1441.6,36.88,18.4,0
300.03,308.32,1532.1,33.52,158.9,0
298.45,308.5,1302.1,56.49,131.2,0
300.48,310.41,1138.0,49.4,92.1,0
299.23,310.12,1455.0,40.65,133.6,0
301.09,310.44,1442.9,28.81,32.3,0
299.51,308.38,1708.6,49.51,158.4,0
298.97,307.77,1150.7,42.96,121.6,0
298.19,308.93,1745.2,37.48,84.7,0
301.74,311.62,1553.8,40.53,200.9,0
299.98,309.75,1627.6,34.24,23.4,0
298.94,309.72,1342.6,51.83,59.4,0
298.4,307.33,1556.0,38.04,73.2,0
299.79,309.96,1407.9,49.87,207.2,0
301.28,310.82,1420.2,27.44,236.6,0
297.99,308.82,1529.6,35.71,162.0,0
298.78,309.79,1515.3,30.93,147.6,0
298.6,309.41,1151.1,40.37,188.9,0
301.33,310.29,1486.9,43.04,239.1,0
300.5,312.13,1790.7,50.53,22.7,1
299.61,309.93,1564.6,29.23,50.3,0
300.82,309.43,1396.0,57.11,103.9,0
298.71,308.54,1293.9,48.07,108.8,0
300.11,309.48,1778.7,41.82,207.1,0
301.18,313.67,1490.1,28.79,224.9,0
297.42,306.29,1287.3,45.23,150.4,0
298.11,307.98,1561.6,44.57,164.5,0
299.34,310.36,1358.3,57.11,15.5,0
300.59,311.58,1615.9,27.11,61.5,0
298.36,307.75,1588.8,44.27,58.9,0
301.04,310.05,1320.8,36.07,155.3,0
301.15,311.29,1591.1,45.85,192.8,0
299.32,308.8,1778.5,19.4,116.6,0
303.93,314.18,1711.0,46.83,208.1,1
298.41,308.93,1457.0,36.36,226.4,0
300.62,311.0,1459.3,16.86,125.3,1
302.33,310.18,1624.6,36.82,212.3,0
302.61,313.87,1386.0,51.64,93.6,0
299.99,309.26,1411.1,42.6,42.0,0
302.11,311.91,1493.5,53.34,117.7,0
296.56,308.29,1423.3,49.6,163.9,0
304.01,313.54,1657.7,36.34,171.8,0
300.18,309.99,1740.3,37.17,202.0,0
302.85,312.29,1532.2,32.82,132.7,0
298.16,310.51,1285.6,53.88,29.3,0
302.65,311.18,1198.2,54.14,94.3,1
301.52,311.41,1782.4,49.99,56.5,1
301.04,313.08,1719.6,32.88,211.1,0
299.56,309.71,1723.9,26.15,225.7,0
296.72,307.72,1425.0,19.97,196.9,1
301.4,310.02,1332.5,39.63,144.5,0
301.27,309.76,1459.4,40.68,12.5,0
298.22,307.12,1524.8,34.77,96.2,0
298.8,308.17,1591.7,42.9,123.9,0
303.7,313.34,1528.8,20.69,164.6,1
300.46,309.61,1209.3,42.21,62.6,0
298.57,306.84,1536.7,33.66,99.5,0
301.7,313.56,1851.6,32.93,53.9,0
304.29,313.56,1347.8,28.8,217.6,1
300.99,312.46,1589.0,48.83,102.9,0
299.94,310.37,1205.3,57.9,28.2,0
299.58,308.53,1673.4,34.7,161.7,0
302.33,313.4,1630.7,58.53,187.7,1
299.45,310.58,1742.4,54.38,144.0,1
301.63,311.61,1417.2,30.66,98.0,0
301.01,311.67,1481.5,53.83,217.8,0
299.11,308.1,1596.0,40.35,77.6,0
298.93,307.5,1435.5,24.71,176.7,0
299.96,310.41,1651.0,43.25,56.4,0
305.67,313.83,1936.8,30.27,143.6,0
299.99,309.68,1494.2,53.9,72.6,0
298.48,309.07,1725.9,37.45,139.3,0
299.85,311.03,1834.3,31.31,31.7,0
298.99,310.11,1556.4,43.88,10.6,0
302.81,314.27,1651.8,25.7,222.3,0
301.97,311.01,1510.2,32.2,75.1,0
301.36,310.82,1805.6,39.42,36.3,0
301.77,310.6,1517.8,36.84,35.7,0
300.07,310.34,1481.9,55.61,104.7,0
304.58,314.51,1663.5,42.38,170.2,0
297.68,307.79,1704.8,23.45,29.7,0
303.35,314.47,1546.1,45.5,122.1,0
299.4,311.48,1295.4,33.21,233.2,0
298.13,307.68,1772.6,47.94,162.5,0
300.35,310.2,1386.2,26.28,94.6,0
295.86,304.54,1554.1,35.06,19.5,0
301.43,310.15,1070.0,47.09,142.6,0
305.29,315.39,1254.3,19.59,78.0,1
299.62,308.0,1725.3,36.57,50.7,0
302.74,313.17,1473.0,43.03,17.0,0
301.87,311.58,1409.3,43.72,231.6,1
303.31,314.35,1662.8,54.85,68.4,1
300.05,308.59,1651.9,47.99,103.8,0
300.6,309.79,1462.1,35.13,159.7,0
301.18,310.14,1126.1,41.36,114.3,0
298.06,307.66,1513.4,21.76,147.3,1
298.07,308.49,1659.3,42.3,111.2,0
300.49,311.99,1618.2,49.68,151.1,0
298.36,308.23,1137.5,48.36,114.6,0
300.62,311.04,1783.2,29.0,125.5,0
299.82,310.12,1548.5,41.41,25.8,0
299.21,309.41,1376.0,29.02,60.8,0
299.97,310.38,1411.5,39.89,158.8,0
300.54,311.11,1441.3,42.6,210.4,0
298.12,307.55,1379.1,27.74,63.6,0
303.96,313.54,1544.3,45.91,179.3,0
296.78,305.55,1674.7,47.66,1.4,0
300.91,311.32,1226.7,42.2,208.5,1
298.15,307.46,1142.5,21.7,86.6,1
298.59,307.23,1379.2,45.2,30.0,0
300.97,311.01,1975.5,42.65,206.2,0
298.28,307.12,1267.8,45.51,189.6,0
300.61,311.4,1301.3,42.58,5.2,0
300.58,311.08,1363.9,15.36,113.2,1
301.69,310.67,1570.3,52.38,200.1,0
302.82,312.89,1384.7,12.87,203.7,1
297.9,307.18,1447.3,51.19,116.7,0
297.69,306.95,1356.3,23.4,117.1,1
299.45,308.25,1361.6,44.1,15.2,0
301.62,310.97,1292.6,41.95,225.4,0
299.87,309.68,1472.2,46.35,82.5,0
300.16,310.86,1637.8,35.08,144.5,0
301.61,310.39,1601.9,46.12,170.7,0
303.66,313.19,1363.8,25.58,191.0,0
301.19,309.35,1394.3,34.35,179.8,0
299.48,309.02,1576.6,52.96,24.2,0
294.49,306.1,1459.2,46.47,11.3,0
304.1,314.33,1434.1,44.6,198.7,0
300.4,310.24,1676.0,44.13,148.2,0
301.03,311.52,1491.9,49.11,85.3,0
303.93,314.52,1488.7,45.69,165.6,0
297.04,306.9,1388.7,17.99,105.1,1
296.3,306.81,1565.3,43.04,146.5,0
300.97,308.59,1523.5,37.38,25.3,0
297.23,305.76,1589.2,36.9,70.1,0
297.78,308.21,1491.0,35.45,155.3,0
299.45,309.92,1612.4,31.24,99.8,0
300.18,309.44,1559.7,31.49,121.2,0
301.66,312.15,1505.2,30.55,159.6,0
301.94,313.3,1385.8,43.4,192.4,0
298.24,308.77,1159.7,45.01,190.7,0
299.68,309.87,1515.5,41.12,193.5,0
300.79,310.64,1298.0,66.02,39.4,0
303.13,313.77,1362.1,27.9,216.6,0
297.86,306.7,1383.6,29.76,71.0,0
297.53,308.4,1355.3,37.18,178.2,0
300.21,310.14,1459.0,52.04,220.9,0
298.72,308.94,1195.1,35.14,156.5,0
298.64,306.66,1536.1,30.02,47.4,0
299.83,310.09,1353.5,53.86,177.6,0
304.36,316.57,1483.2,44.31,132.4,0
296.67,306.45,1522.9,42.01,191.2,0
298.76,308.35,1543.8,24.08,236.9,0
301.8,312.16,1382.4,33.3,11.5,0
299.4,308.98,1412.7,55.6,108.8,0
303.6,313.41,1731.9,39.11,214.6,0
297.37,307.09,1413.2,46.61,188.3,0
299.35,307.89,1451.6,28.19,59.4,0
298.76,309.93,1575.3,31.51,23.5,0
299.1,307.28,1556.1,41.76,213.2,0
298.19,308.51,1263.5,37.81,124.5,0
298.76,309.24,1311.1,40.08,105.6,0
302.11,311.62,1830.7,36.89,34.6,0
302.2,313.33,1693.2,51.34,207.2,1
300.53,311.63,1490.5,15.99,88.6,1
302.59,312.19,1423.3,42.76,137.2,0
301.12,311.26,1118.0,62.19,72.8,0
296.47,306.63,1650.6,50.4,11.7,0
303.3,312.01,1571.4,58.06,117.3,1
301.33,311.97,1628.5,32.44,137.5,0
296.07,305.21,1540.0,28.86,172.8,0
297.33,306.29,1300.0,39.67,108.0,0
296.19,306.82,1353.0,55.97,159.5,0
298.77,309.16,1322.2,47.62,229.9,1
299.75,308.31,1687.8,28.31,137.3,0
300.9,309.4,1414.2,38.08,134.2,0
300.98,312.28,1447.5,38.47,136.9,0
300.84,311.9,1572.7,36.94,224.7,0
303.49,313.7,1508.3,55.63,213.0,0
300.96,309.68,1455.5,41.76,206.9,0
298.09,308.49,1600.0,33.25,61.7,0
300.69,310.99,1549.4,44.86,61.3,0
301.45,311.91,1408.5,43.35,147.5,0
299.79,310.0,1667.0,43.57,76.8,0
298.49,308.95,1260.5,53.22,29.0,0
300.98,312.58,1320.1,34.0,180.6,0
299.26,309.59,1686.8,44.16,97.7,0
297.96,308.06,1538.3,60.74,64.6,1
302.92,312.58,1505.3,52.72,188.5,0
299.31,310.27,1721.1,47.15,48.8,0
301.89,311.7,1812.9,38.39,129.0,0
296.09,307.11,1492.3,40.13,111.5,0
300.79,310.06,1505.8,39.94,224.0,0
296.88,305.78,1377.8,46.36,151.7,0
297.94,307.33,1783.1,44.62,135.1,0
299.37,310.32,1570.7,43.83,133.6,0
299.61,310.66,1152.3,23.93,76.4,1
299.24,308.41,1478.5,56.67,108.7,0
300.15,313.0,1391.2,49.31,143.9,0
303.05,313.2,1493.0,39.49,114.4,0
302.43,311.56,1173.1,51.02,168.8,0
300.19,308.95,1560.5,25.92,18.6,0
303.71,314.08,1372.9,26.84,84.7,0
301.44,309.71,1429.5,44.86,184.3,0
299.91,309.79,1089.2,45.45,106.7,0
300.07,310.27,1421.1,62.12,85.9,1
302.33,313.07,1406.1,55.03,56.2,0
298.1,308.14,1425.1,61.27,169.7,1
300.34,310.98,1578.1,30.94,208.8,0
297.47,307.52,1375.2,29.1,163.8,0
299.33,309.18,1545.7,42.65,62.3,0
298.7,308.39,1189.0,37.48,46.0,0
297.28,304.49,1422.1,28.44,60.7,0
297.96,307.55,1738.3,34.56,226.3,0
301.97,311.57,1644.0,39.75,163.2,0
298.15,308.35,1521.2,19.29,53.9,1
299.64,310.67,1482.6,40.32,46.7,0
302.27,312.91,1790.6,42.6,234.7,0
301.35,311.69,1579.5,47.41,150.2,0
301.88,312.53,1586.0,27.48,150.3,0
299.23,309.89,1603.5,44.63,81.8,0
301.7,312.0,1618.1,16.94,186.2,1
297.52,306.36,1333.0,30.68,20.5,0
300.48,310.58,1364.8,57.89,15.6,0
303.12,314.73,1357.6,43.02,150.3,0
302.76,313.36,1359.8,36.96,91.5,0
302.75,313.7,1525.8,53.45,158.3,0
301.96,312.03,1603.8,20.23,148.6,1
297.49,309.48,1540.7,29.23,78.8,0
300.33,310.77,1444.4,37.89,189.5,0
300.91,312.13,1409.9,34.15,101.0,0
299.66,308.59,1513.8,57.84,14.5,1
299.19,310.18,1792.0,35.81,74.7,0
302.6,311.46,1592.9,46.87,82.3,0
299.83,309.92,1267.9,32.22,13.8,0
296.21,306.13,1619.0,31.88,46.9,0
301.34,313.42,1536.2,31.08,160.3,0
298.07,305.41,1369.3,34.74,138.8,1
302.69,312.37,1406.6,42.91,109.0,0
300.14,309.86,1503.0,40.84,53.5,0
300.35,311.74,1520.2,56.25,228.6,0
299.92,309.24,1719.0,67.76,87.1,1
300.44,310.55,1611.8,45.49,46.7,0
297.08,306.21,1542.5,40.67,47.5,0
301.91,313.76,1468.1,31.06,133.1,0
300.18,310.37,1718.0,21.66,5.0,0
299.14,308.26,1520.3,35.28,224.7,0
300.23,312.05,1272.5,19.83,234.5,1
303.02,311.63,1592.2,42.23,221.8,0
300.7,311.61,1328.6,49.61,234.5,0
302.65,313.05,1583.2,51.49,189.5,0
299.69,309.98,1603.3,20.52,204.4,1
301.03,310.58,1677.0,45.52,159.2,0
302.19,312.66,1502.1,25.61,122.2,0
297.77,307.78,1424.0,48.71,166.7,0
299.5,308.36,1479.1,50.06,221.1,0
301.37,311.53,1604.5,59.08,95.0,1
298.56,310.53,1120.2,29.85,89.8,0
298.98,308.81,1668.6,45.46,84.4,0
298.07,307.51,1362.6,32.73,112.2,0
296.96,307.94,1427.8,48.96,43.1,0
300.29,311.72,1452.7,43.21,202.2,0
297.82,306.44,1573.4,37.97,17.1,0
301.3,311.46,1552.9,48.44,72.7,0
301.21,309.82,1456.9,55.46,239.5,1
300.05,308.41,1520.1,39.32,71.9,0
301.53,309.96,1348.9,45.8,139.2,1
298.73,307.79,1196.3,38.66,35.8,0
298.85,309.28,1498.9,28.66,123.8,0
300.75,309.11,1465.6,29.04,190.1,0
299.5,310.1,1535.1,24.65,50.3,0
297.57,307.97,1333.2,49.3,30.8,0
300.26,310.21,1626.4,22.39,81.6,0
297.34,308.08,1243.3,49.91,129.0,0
299.8,309.99,1589.6,17.96,36.9,1
301.71,311.45,1332.3,30.1,145.9,0
303.75,311.67,1550.8,49.54,128.3,0
300.36,310.8,1321.2,35.36,214.7,0
302.01,312.78,1769.6,43.06,117.3,0
300.29,310.64,1643.1,38.12,55.9,0
299.59,309.27,1703.6,44.27,41.2,0
301.31,310.52,1548.1,44.04,128.7,0
299.25,309.3,1846.4,34.42,31.2,0
300.58,311.6,1448.8,29.01,144.9,0
302.47,311.97,1226.5,39.76,66.1,0
301.11,311.14,1667.2,43.95,193.8,0
295.67,305.31,1645.1,32.36,138.3,0
299.87,309.05,1645.7,32.49,168.1,0
299.6,308.78,1251.3,28.12,42.0,0
300.02,312.17,1479.1,29.0,218.6,0
298.18,307.76,1625.6,37.52,208.9,0
298.85,308.25,1740.9,32.23,173.4,0
300.48,311.62,1728.1,39.39,238.9,0
302.69,313.74,1409.4,49.72,60.7,0
297.77,307.73,1748.4,46.84,179.9,0
297.57,308.69,1611.6,32.09,2.6,0
303.35,314.82,1360.7,54.71,116.3,0
302.29,312.81,1521.3,64.45,33.7,1
301.64,309.91,1516.4,41.68,24.1,0
299.32,310.51,1444.0,42.55,183.3,0
299.49,308.97,1421.0,45.44,8.3,0
299.37,308.75,1387.5,22.02,194.8,1
297.99,306.76,1642.9,34.0,74.0,0
300.18,310.21,1543.1,23.1,222.9,0
300.06,310.5,1022.1,54.23,80.9,0
301.06,312.45,1568.5,60.33,191.3,1
300.59,310.06,1592.9,48.99,25.8,0
298.8,309.94,1545.5,46.33,130.0,0
300.94,310.75,1538.1,49.15,41.7,0
298.58,309.08,1347.0,47.11,15.8,0
301.15,309.82,1454.3,42.74,52.5,0
299.14,310.42,1582.9,39.51,128.7,0
303.89,313.77,1715.5,62.26,144.0,1
303.07,312.89,1288.9,15.91,166.5,1
298.6,309.84,1617.4,34.17,204.4,0
298.6,309.78,1347.9,35.0,153.7,0
300.29,311.61,1630.6,39.47,147.9,0
301.37,310.85,1477.0,23.22,148.7,0
301.8,312.16,1470.2,45.49,49.1,0
304.41,314.94,1145.2,26.04,177.4,1
299.23,309.94,1311.4,26.73,125.0,0
302.86,312.66,1490.6,42.13,203.3,0
300.12,311.36,1721.7,31.81,59.6,0
298.78,307.31,1362.7,33.84,77.2,1
299.79,309.83,1546.9,37.22,46.2,0
299.27,308.86,1522.4,44.21,142.2,0
302.26,310.24,1506.2,44.02,174.0,0
298.8,310.28,1503.6,46.23,59.8,0
299.52,310.58,1405.6,34.0,187.5,0
304.7,315.99,1412.5,43.62,105.9,0
296.74,306.69,1521.6,21.53,190.5,1
301.95,312.07,1684.6,26.61,221.2,0
301.85,313.17,1490.8,51.15,108.9,0
298.07,309.03,1587.8,42.37,112.6,0
300.73,311.27,1711.5,40.95,174.1,0
295.45,305.57,1944.6,30.27,89.6,0
297.14,307.23,1343.1,34.6,9.3,0
301.74,311.27,1391.6,37.37,104.7,0
299.85,312.06,1462.7,28.24,117.3,0
298.84,307.41,1260.1,21.44,176.6,1
300.03,310.29,1598.2,26.98,162.3,0
299.07,307.71,1485.9,51.0,163.5,0
299.93,311.29,1829.8,34.27,3.0,0
300.38,308.95,1657.1,34.98,140.7,0
301.97,311.27,1570.8,49.72,199.1,0
299.97,310.82,1758.4,37.04,91.9,0
299.27,310.23,1707.1,28.7,21.3,0
297.73,306.42,1444.2,44.6,179.7,0
301.82,311.39,1310.6,67.54,195.9,1
300.76,310.76,1427.3,28.49,157.1,0
299.87,309.26,1301.8,51.06,47.5,0
302.02,314.24,1185.4,45.6,44.6,0
301.18,311.41,1508.0,32.26,216.5,0
298.04,307.04,1573.5,35.56,70.4,0
298.84,309.4,1369.3,51.11,114.7,0
299.57,309.16,1778.7,46.25,1.7,0
294.85,303.38,1679.5,46.95,1.7,0
295.3,303.52,1529.8,16.86,113.6,1
298.9,309.8,1239.7,55.25,239.9,1
302.76,312.22,1455.4,42.37,85.4,0
299.56,309.96,1231.5,44.14,174.1,0
300.83,310.48,1209.0,27.95,67.1,0
298.85,307.11,1330.8,50.21,158.1,1
297.96,308.12,1700.2,67.07,229.8,1
301.88,311.98,1813.4,45.15,78.1,0
297.43,307.9,1299.3,48.08,19.5,0
295.84,306.85,1980.6,27.61,205.7,1
299.84,309.01,1533.8,45.23,124.8,0
296.45,305.59,1405.9,39.85,191.2,0
299.05,310.47,1150.1,33.85,40.3,0
299.06,309.22,1430.3,33.67,50.8,0
300.06,308.59,1662.7,45.69,171.8,0
302.46,314.4,1751.3,30.21,52.9,0
299.89,311.03,1573.8,36.92,32.6,0
296.86,306.51,1732.8,48.26,209.3,1
300.28,308.93,1391.8,32.35,172.2,0
299.83,308.85,1355.0,29.99,205.5,1
300.16,310.65,1566.3,42.26,177.7,0
303.05,312.41,1628.5,46.38,204.8,1
299.9,309.87,1706.3,44.7,203.3,1
299.19,310.05,1362.0,23.89,124.7,1
298.86,308.44,1322.9,47.6,110.5,0
302.94,314.83,1610.4,29.95,109.4,0
299.1,308.77,1335.9,24.51,168.7,1
298.6,308.1,1592.2,39.69,239.2,0
296.28,306.54,1219.2,40.49,90.4,0
301.79,311.68,1558.2,33.93,175.8,0
301.15,309.71,1841.0,46.5,43.0,0
298.01,308.09,1762.9,38.56,203.6,1
298.27,308.0,1260.1,12.62,181.9,1
298.1,308.87,1442.7,55.11,46.8,0
301.24,310.45,1704.6,52.24,139.3,1
301.32,309.49,1450.0,29.29,39.3,0
302.0,313.17,1474.3,45.41,52.4,0
299.97,308.34,1789.1,40.92,138.2,0
297.4,304.71,1764.7,59.61,102.5,1
302.49,310.58,1900.7,55.35,43.1,1
305.3,316.21,1358.2,29.14,232.7,0
299.57,309.72,1512.0,51.56,165.1,0
302.79,312.38,1304.3,50.82,190.9,0
298.11,306.65,1672.4,29.12,66.1,0
298.91,308.12,1554.5,42.84,117.4,0
298.83,307.79,1732.4,41.88,137.4,0
299.51,311.15,1531.3,33.92,116.2,0
298.69,307.85,1425.8,38.01,15.2,0
302.99,312.03,1631.1,56.8,4.7,1
297.67,307.24,1579.4,29.29,124.5,0
297.27,306.47,1523.1,35.01,180.7,0
304.17,313.71,1602.7,52.26,43.2,0
296.62,306.01,1567.7,43.67,49.5,0
301.36,312.45,1528.6,37.85,235.2,0
298.36,309.31,1115.9,51.2,0.0,0
298.49,310.79,1187.8,37.87,158.2,0
297.53,307.98,1426.0,28.55,236.6,0
298.67,308.51,1770.8,50.79,56.9,1
300.64,311.42,1724.4,18.19,144.5,1
300.4,311.32,1673.7,50.08,17.8,0
299.94,310.92,1649.6,34.25,20.0,0
299.94,310.99,1423.8,28.35,16.9,0
299.29,306.03,1461.4,33.82,89.3,0
297.96,306.41,1351.6,33.61,36.8,1
302.13,312.08,1741.6,42.2,18.6,0
300.68,311.02,1436.6,38.89,153.6,0
298.83,309.51,1447.2,59.94,54.2,1
301.94,312.0,1672.2,38.1,25.2,0
301.11,310.83,1479.1,31.52,197.1,0
297.55,307.63,1389.6,20.94,132.4,1
296.67,305.34,1708.1,61.26,93.5,1
298.15,309.51,1717.2,37.54,142.7,0
301.33,310.41,1517.3,40.99,123.3,0
300.58,311.01,1287.5,51.25,12.7,0
299.17,306.49,1464.0,32.7,146.1,0
299.66,309.05,1821.0,38.46,120.5,0
299.66,310.7,1847.0,32.6,195.4,0
298.66,310.52,1673.9,36.69,75.1,0
300.69,310.91,1445.6,16.12,39.6,1
303.09,313.67,1302.3,36.11,209.8,1
297.88,308.43,1475.2,28.65,123.6,0
304.19,314.16,1441.0,30.34,147.9,0
302.81,311.93,1437.4,24.82,179.9,0
300.12,311.76,1819.3,34.34,211.3,0
297.88,307.01,1763.1,36.7,211.7,0
300.12,310.51,1615.1,29.84,228.6,0
298.6,309.27,1802.0,54.47,59.9,1
296.69,306.28,1612.0,45.69,70.5,0
300.75,312.34,1385.6,37.06,73.2,0
302.62,312.03,1522.1,37.61,111.1,0
298.29,307.51,1346.5,50.89,78.9,0
299.88,309.96,1589.1,35.91,85.1,0
301.87,312.56,1686.4,46.1,36.9,0
301.65,312.46,1647.1,52.13,54.3,0
298.66,309.18,1397.2,42.76,194.8,0
301.67,312.35,1556.9,34.97,84.9,0
298.27,308.65,1582.2,35.17,45.5,0
301.94,312.19,1485.2,18.51,38.5,1
300.72,311.8,1428.2,33.23,101.1,0
296.59,306.03,1464.5,31.36,183.5,0
301.74,310.94,1807.2,31.11,93.3,0
300.74,311.04,1603.7,40.77,120.0,0
300.16,309.43,1428.3,31.76,234.3,0
298.49,308.82,1196.7,41.49,59.5,0
301.38,312.36,1501.0,57.06,207.4,1
300.06,311.91,1589.8,54.84,194.4,1
299.29,308.16,1736.1,68.42,141.9,1
299.04,308.5,1533.9,42.07,237.7,1
297.52,308.14,1549.0,41.75,97.8,0
299.02,310.35,1519.0,48.99,115.0,0
297.13,307.04,1452.3,47.46,67.3,0
298.77,309.61,1476.1,42.83,9.8,0
303.13,313.66,1548.1,50.98,218.0,0
301.94,314.17,1399.6,46.44,23.3,0
302.52,312.63,1604.5,33.16,177.9,0
297.76,309.09,1329.3,38.26,156.1,0
300.49,311.44,1572.3,36.56,178.2,0
301.93,312.84,1723.4,32.36,45.7,0
298.72,306.53,1701.8,45.7,82.3,0
299.07,306.08,1585.4,55.25,10.5,1
300.91,312.09,1494.2,60.47,204.8,1
304.19,313.86,1228.7,45.06,218.6,0
295.96,307.09,1462.2,39.95,143.8,0
299.65,309.15,1723.2,43.64,190.7,0
298.86,307.32,1281.3,49.12,208.9,1
301.69,313.13,1266.4,51.57,96.2,0
299.83,310.46,1567.6,45.92,167.2,0
302.57,311.35,1228.7,44.33,126.0,0
299.54,310.21,1440.8,27.76,41.1,0
301.42,311.63,1598.9,41.38,212.1,1
299.55,311.3,1414.8,34.1,197.6,0
299.9,309.89,1358.9,51.16,88.6,0
302.71,313.49,1225.6,35.12,98.0,0
298.65,308.08,1810.0,46.48,197.7,0
300.99,313.53,1713.4,63.91,129.0,1
303.44,313.21,1516.3,35.34,179.0,0
297.85,308.83,1674.8,29.66,132.2,0
300.58,309.94,1472.0,53.11,193.9,0
300.02,309.44,1533.2,55.99,88.5,0
300.72,310.46,1548.0,45.81,207.0,0
296.77,306.87,1477.7,38.35,39.1,0
300.88,311.78,1446.8,37.62,17.3,0
300.13,312.32,1581.3,39.15,126.4,0
299.47,307.67,1360.3,34.11,5.0,1
301.57,310.06,1466.9,37.64,59.6,0
300.96,311.24,1479.3,38.82,231.9,1
302.56,313.57,1351.2,53.32,48.6,0
297.45,307.61,1399.1,42.05,79.6,0
300.38,310.66,1409.9,26.87,29.5,0
300.42,310.0,1437.6,51.46,200.8,0
300.38,310.26,1408.8,42.5,157.3,0
300.62,312.65,1220.0,53.76,197.5,0
300.93,311.33,1564.2,42.96,229.4,0
299.25,308.92,1858.4,29.59,214.9,0
301.07,312.18,1280.0,31.16,36.1,0
299.16,308.42,1568.6,31.57,24.9,0
302.55,311.81,1799.6,32.53,170.7,0
300.12,310.15,1593.2,37.68,157.4,0
299.15,310.05,1443.4,22.74,114.8,1
302.4,312.94,1640.8,37.97,21.7,0
301.27,311.25,1381.6,45.8,101.7,0
299.28,308.31,1543.8,31.33,192.5,0
299.15,308.53,1315.9,45.73,128.1,0
296.36,305.98,1322.3,48.75,101.2,0
297.29,306.57,1497.0,24.42,56.4,0
306.39,316.45,1728.8,41.38,229.8,1
301.73,312.07,1710.1,23.66,196.6,0
299.69,310.23,1790.7,18.72,219.1,0
300.32,310.02,1798.4,59.48,169.0,1
299.67,309.83,1669.3,37.89,168.3,0
299.59,309.26,1690.0,22.76,7.2,0
299.46,309.76,1706.7,46.04,195.3,0
300.75,311.26,1487.9,23.41,167.7,0
299.37,310.35,1336.3,54.88,166.9,0
299.73,310.3,1533.8,38.26,180.3,0
299.7,309.7,1634.9,26.9,210.2,0
302.15,310.18,1217.1,39.82,101.7,1
302.97,315.21,1007.4,36.28,30.0,0
300.66,312.01,1522.3,46.25,179.0,0
296.42,305.72,1582.2,29.73,75.2,0
297.65,306.19,1665.6,55.51,155.2,1
300.33,310.78,1716.1,46.39,203.2,0
299.5,310.72,1722.6,45.38,181.6,0
299.08,310.26,1470.2,38.04,64.6,0
302.55,312.36,1207.1,33.11,11.0,0
298.11,310.31,1668.8,40.5,67.8,0
298.94,309.33,1503.4,23.92,233.7,0
301.67,312.26,1495.5,35.39,193.8,0
301.56,312.64,1323.5,48.97,204.5,0
301.29,312.2,1559.8,37.08,172.4,0
302.71,311.5,1325.6,25.89,38.7,0
302.35,312.08,1465.2,25.61,223.3,0
300.4,309.51,1273.6,55.14,103.4,0
302.67,311.58,1406.3,44.44,146.5,0
301.02,311.28,1353.3,31.56,193.1,0
302.53,314.11,1046.3,32.31,187.5,0
300.76,310.99,1336.4,61.48,38.8,0
299.64,310.57,1595.8,43.34,185.3,0
299.89,311.02,1486.1,60.44,156.1,1
300.65,311.05,1453.5,38.81,206.2,0
302.78,311.03,1618.6,46.93,202.8,1
297.88,308.96,1359.5,39.71,210.1,0
297.91,306.92,1492.4,32.52,197.1,0
303.91,314.01,1473.3,45.68,95.8,0
301.78,312.22,1422.5,41.04,111.8,0
297.32,305.64,1425.6,40.93,175.6,0
303.93,312.81,1513.7,33.37,78.9,0
297.24,310.3,1220.8,41.34,114.3,0
299.9,310.17,1613.2,49.35,153.7,0
299.78,310.01,1358.2,34.2,224.8,0
297.95,308.43,1841.5,46.71,228.6,1
299.65,311.06,1559.0,41.9,97.2,0
299.06,310.57,1651.6,31.18,160.7,0
299.78,311.66,1824.1,51.82,82.1,1
300.02,309.42,1390.4,48.46,114.1,0
299.56,309.01,1444.6,31.16,166.3,0
299.78,309.87,1550.1,26.81,18.7,0
298.64,307.44,1264.2,66.22,225.4,0
299.85,308.98,1616.7,48.98,35.4,0
300.65,310.28,1680.6,38.08,125.0,0
302.19,312.22,1546.2,35.5,107.8,0
300.89,310.8,1598.0,67.26,100.8,1
298.84,308.67,1380.4,46.44,228.6,1
299.7,309.62,1512.7,38.34,215.2,0
302.09,310.95,1382.2,31.12,98.5,0
298.5,309.5,1196.9,37.53,27.2,0
300.95,311.89,1607.3,52.05,130.3,0
297.16,308.47,1427.3,30.06,68.0,0
296.69,305.13,1867.5,14.35,193.4,1
302.3,313.18,1362.0,33.13,119.1,0
300.05,307.76,1658.0,46.35,139.5,0
301.62,311.79,1387.7,43.4,109.1,0
299.03,309.48,1408.9,40.98,232.2,1
296.83,307.79,1415.4,24.25,1.8,0
299.0,309.5,1422.4,60.12,63.5,0
301.88,310.37,1384.9,43.8,216.0,0
301.15,311.21,1266.4,53.07,196.8,0
298.54,308.01,2047.1,32.02,58.0,0
301.29,311.18,1291.9,25.2,192.3,1
299.07,308.82,1175.3,19.21,41.7,1
301.99,311.31,1423.9,41.76,192.3,0
297.18,307.14,1574.0,21.2,150.6,1
299.84,311.11,1615.3,37.86,22.4,0
297.4,307.94,1464.4,38.69,169.8,0
300.71,310.52,1280.9,51.09,31.3,0
297.29,307.7,1416.3,45.76,215.5,0
298.54,308.37,1559.3,22.75,184.9,0
299.13,308.45,1732.1,34.42,153.2,0
299.18,308.96,1265.6,43.42,25.7,0
299.14,311.22,1675.5,46.43,86.7,0
301.05,310.2,1462.1,40.12,17.7,0
300.77,310.67,1433.0,31.04,75.3,0
303.05,312.06,1511.0,41.29,42.9,0
297.51,306.95,1981.8,45.36,238.5,1
298.1,307.27,1661.2,53.8,222.4,1
300.42,310.46,1396.8,39.58,208.0,0
300.37,311.24,1554.8,55.84,225.6,1
295.08,305.37,1367.7,50.31,70.6,0
299.93,308.76,1318.7,39.2,46.3,0
301.42,312.77,1611.1,34.72,94.3,0
297.05,306.19,1379.2,56.46,228.9,0
301.56,310.86,1493.9,21.61,149.5,1
298.35,307.69,1341.1,36.04,151.8,0
301.11,311.35,1710.6,42.52,140.8,0
298.99,310.79,1214.4,19.52,84.5,1
301.24,311.36,1359.6,55.88,85.9,0
302.63,313.27,1282.9,52.53,29.4,0
299.88,310.01,1404.2,49.84,190.9,0
302.07,311.31,1316.2,48.94,126.5,0
301.29,311.78,1209.4,27.0,206.4,1
301.64,310.99,1506.1,31.26,76.8,0
301.18,312.88,952.2,40.26,101.1,0
300.87,311.3,1417.9,48.7,138.3,0
299.37,310.77,1830.9,16.64,218.8,1
301.11,310.26,1819.4,26.38,9.4,0
299.53,309.23,1768.0,50.14,173.6,1
299.48,311.13,1314.0,47.47,75.2,0
298.48,307.83,1434.6,29.61,203.7,1
301.4,312.07,1467.6,38.35,11.5,0
300.94,310.97,1378.6,53.68,104.6,0
300.63,311.2,1641.2,34.47,216.7,1
303.68,312.87,1480.8,57.5,26.6,0
300.75,310.62,1381.5,52.1,195.0,0
299.85,310.46,1629.7,48.46,30.3,0
302.16,310.88,1856.3,23.16,99.2,0
299.03,309.2,1267.1,37.73,158.7,0
301.74,311.61,1484.6,32.9,63.3,0
299.76,310.16,1158.8,32.7,158.3,0
299.87,309.19,1924.2,52.58,14.5,1
301.39,311.45,1548.5,34.14,25.1,0
300.69,311.98,1149.4,36.58,182.5,0
299.17,310.19,1621.0,49.76,219.4,0
296.44,308.49,1645.8,31.14,187.2,0
300.61,311.36,1579.2,47.35,208.8,0
302.46,314.09,1495.8,32.59,214.6,0
302.9,313.16,1364.8,42.3,222.5,0
298.96,309.2,1285.7,39.84,12.8,0
299.87,310.32,1326.3,26.95,101.4,0
299.45,310.43,1316.4,33.16,118.5,0
297.24,307.85,1224.2,19.9,52.7,1
300.51,310.6,1493.3,43.67,24.2,0
300.41,311.79,1461.7,30.25,24.3,0
299.59,307.54,1486.0,46.74,188.6,0
299.05,309.72,1259.1,30.74,22.6,0
296.9,306.87,1348.0,41.24,217.6,0
299.7,310.05,1648.1,59.81,34.0,1
302.26,312.35,1443.3,45.4,63.3,0
302.67,313.37,1645.8,29.29,232.7,0
298.5,308.56,1757.2,51.73,136.1,1
303.79,313.68,1392.4,39.04,35.2,0
301.42,311.89,1482.9,29.06,176.4,0
301.54,311.49,1329.3,40.81,3.3,0
298.11,309.37,1741.1,29.11,205.7,1
299.19,308.91,1385.9,25.15,5.0,0
303.9,313.64,1446.4,35.35,119.5,0
300.12,311.76,1667.5,38.42,178.6,0
301.72,314.06,1199.5,20.14,210.5,1
301.76,311.11,1712.7,36.83,63.7,0
298.2,306.31,1355.1,46.57,238.5,1
302.34,312.65,1362.9,51.47,104.0,0
294.96,305.69,1539.0,32.04,232.7,0
299.12,308.09,1775.4,61.12,149.7,1
299.13,308.4,1423.1,57.42,3.7,0
301.58,311.79,1450.4,38.17,73.4,0
297.34,307.96,1637.0,40.03,84.1,0
299.18,311.12,1343.7,25.25,37.2,0
301.36,311.77,1619.1,39.83,140.5,0
301.23,311.57,1333.9,41.57,194.8,0
298.63,307.84,1580.1,39.06,62.7,0
299.45,310.27,1250.3,34.11,77.4,0
297.33,306.61,1530.3,45.13,133.0,0
299.73,310.13,1268.6,34.28,131.0,0
297.09,308.53,1409.3,42.11,106.1,0
298.19,310.35,1452.9,29.07,102.6,0
298.2,308.69,1726.8,42.21,229.8,0
300.1,308.72,1456.6,47.06,122.9,0
301.75,312.65,1362.6,36.66,181.3,0
298.41,309.04,1826.5,40.68,210.0,0
300.63,310.74,1625.5,27.3,80.0,0
301.36,311.84,1339.6,41.04,14.6,0
299.82,308.32,1496.0,36.71,49.2,0
302.03,313.32,1372.0,40.21,162.2,0
301.01,310.33,1297.9,67.91,1.5,1
296.96,307.1,1501.1,40.06,144.9,0
300.65,310.96,1557.8,50.87,199.9,0
299.36,309.48,1632.2,47.05,235.8,1
301.37,310.32,1618.5,26.39,206.2,0
297.41,308.0,1632.4,56.95,157.8,1
301.57,313.02,1304.1,36.71,69.6,0
297.5,305.3,1233.1,40.66,93.9,1
299.69,309.24,1335.9,45.25,6.7,0
297.52,307.86,1652.5,40.59,154.8,0
302.18,311.32,1878.4,45.77,231.1,1
299.73,308.94,1668.3,38.92,205.4,0
298.18,309.45,1449.9,42.28,157.4,0
298.1,309.38,1348.2,53.42,188.8,0
299.4,311.07,1441.2,49.46,219.9,0
298.39,309.18,1372.4,28.98,222.6,0
298.96,308.88,1298.7,62.27,83.5,0
298.5,307.82,1837.9,45.45,38.2,0
300.78,311.05,1687.5,35.43,182.4,0
303.61,313.4,1485.6,32.7,216.0,0
302.62,311.57,1442.4,41.76,146.9,0
302.91,314.19,1774.1,47.51,145.6,0
302.45,310.54,1379.4,53.97,90.6,1
302.61,312.52,1542.7,47.25,105.0,0
299.7,310.35,1673.2,55.61,194.1,1
300.94,312.18,1315.8,29.22,48.8,0
301.56,309.59,1382.9,47.91,131.2,0
301.15,311.43,1450.3,18.18,154.1,1
296.22,306.27,1315.7,35.15,84.5,0
298.12,307.25,1543.5,42.84,102.6,0
299.45,309.72,1777.2,48.23,71.6,0
301.07,311.56,1370.3,34.66,53.8,0
304.21,313.39,1497.6,55.59,16.3,0
303.63,311.73,1710.1,45.93,204.8,1
297.98,307.98,1760.9,45.39,26.6,0
295.61,306.01,1496.4,42.46,81.1,0
299.88,310.78,1509.1,34.55,131.3,0
299.54,307.28,1308.6,22.45,56.5,1
304.36,315.44,1731.3,31.19,183.7,0
305.49,316.11,1731.1,35.82,147.0,0
302.21,312.82,1635.0,37.38,10.0,0
302.32,312.58,1387.9,31.39,72.8,0
303.13,310.97,1560.2,40.45,185.7,0
300.93,309.78,1674.1,28.36,177.1,0
299.38,309.27,1527.3,24.65,103.1,0
299.02,309.26,1144.9,48.11,235.8,0
300.74,311.74,1622.2,42.59,141.3,0
300.48,312.12,1744.1,28.54,136.3,0
300.35,310.34,1437.9,22.03,18.4,1
300.88,311.33,1660.7,42.52,157.3,0
300.06,310.89,1338.5,32.94,29.4,0
301.34,311.69,1297.5,36.83,176.5,0
297.23,308.97,1552.8,55.53,225.9,1
299.23,310.63,1360.0,38.68,167.5,0
299.33,309.32,1728.1,30.84,149.2,0
299.75,310.41,1820.0,60.72,55.3,1
299.93,309.24,1269.5,53.23,34.1,0
303.07,312.86,1383.6,31.11,27.4,0
299.48,309.48,1469.0,49.7,198.5,0
301.4,311.81,1337.6,32.56,207.1,0
301.3,311.49,1576.6,49.73,12.5,0
299.15,310.32,1476.2,41.88,146.1,0
303.54,312.13,1774.2,29.99,141.8,0
300.08,309.17,1591.7,30.62,102.6,0
299.58,307.96,1581.1,41.69,93.1,0
299.46,307.98,1767.5,21.69,111.2,0
297.67,307.1,1393.5,39.29,91.5,0
299.88,307.61,1521.3,41.29,191.9,0
300.81,310.68,1500.1,52.51,81.0,0
297.82,308.67,1329.5,51.21,187.8,0
301.01,309.74,1665.7,49.13,77.0,0
299.89,310.52,1311.5,42.5,111.9,0
302.24,312.0,1570.5,34.19,14.1,0
301.49,311.19,1379.8,34.45,15.4,0
301.46,313.0,1440.6,59.89,30.5,1
299.23,308.82,1457.7,37.85,27.5,0
302.95,313.31,1651.8,29.88,10.1,0
299.86,309.51,1469.2,32.45,61.8,0
298.28,306.5,1326.8,52.68,144.1,1
299.53,309.86,1298.0,44.14,56.9,0
299.12,309.98,1582.3,30.69,154.1,0
300.79,310.4,1353.3,55.62,80.4,0
297.56,308.35,1023.2,44.94,149.3,0
300.32,310.58,1859.3,30.65,6.1,0
297.19,306.04,1187.1,38.82,122.0,0
298.4,307.95,1574.3,58.39,7.8,1
299.71,308.74,1572.8,39.94,18.6,0
301.31,311.03,1264.8,39.71,131.6,0
297.17,307.97,1626.9,29.98,12.3,0
297.6,307.81,1367.1,42.87,200.6,0
300.06,310.81,1518.9,30.58,109.4,0
299.99,309.49,1516.4,56.22,211.3,0
298.58,309.53,1725.2,32.56,145.3,0
298.02,308.35,1194.4,32.1,30.1,0
296.63,306.22,1300.4,47.27,33.2,0
299.89,310.71,1471.0,43.8,101.0,0
302.61,312.47,1291.7,27.26,216.0,1
301.01,311.06,1480.8,52.67,223.2,0
300.37,310.56,1249.7,46.39,237.6,0
303.0,311.34,1638.8,34.71,96.6,0
297.04,306.49,1781.6,54.51,215.6,1
295.23,303.09,1783.1,44.59,85.2,0
298.05,308.37,1175.3,45.89,69.4,0
298.94,309.02,1624.6,55.57,219.9,1
303.68,314.75,1356.0,34.67,155.9,0
298.44,309.18,1260.6,39.28,226.7,0
299.46,310.33,1146.7,31.63,139.2,0
301.18,310.3,1430.4,47.86,42.8,0
302.28,313.72,1447.8,10.04,50.6,1
297.4,307.24,1438.4,36.96,68.3,0
301.18,311.72,1152.6,47.79,69.2,0
305.21,313.73,1508.9,17.27,159.9,1
300.86,311.39,1659.8,25.77,6.6,0
304.15,312.69,1187.6,35.56,1.6,1
300.23,310.03,1624.6,62.82,137.1,1
299.73,308.52,1573.4,32.7,26.3,0
298.95,307.09,1320.0,43.64,63.1,1
304.16,311.79,1489.7,35.06,84.9,0
303.12,313.97,1477.3,31.19,121.7,0
299.54,310.93,1189.2,38.6,169.6,0
298.2,310.29,1118.3,49.43,190.6,0
298.42,310.17,1304.5,22.62,8.6,1
299.83,309.74,1614.1,47.36,226.4,0
299.89,310.46,1614.4,25.03,67.8,0
301.3,313.24,1838.3,34.0,179.9,0
300.75,310.76,1384.9,37.57,42.7,0
298.64,309.02,1325.9,49.05,153.1,0
297.09,307.23,1564.7,47.65,55.7,0
299.4,310.51,1552.0,30.45,85.7,0
299.11,309.16,1782.6,53.38,181.2,1
298.77,311.34,1379.0,53.11,27.8,0
298.29,308.48,1710.3,50.11,169.2,0
300.34,309.2,1570.3,29.09,98.9,0
300.16,310.99,1122.4,39.01,187.9,0
303.19,313.83,1488.5,48.72,93.9,0
298.12,308.48,1621.3,35.86,174.8,0
298.02,309.58,1433.6,49.58,137.4,0
300.68,311.27,1191.2,22.78,147.2,1
298.69,309.89,1785.9,42.0,192.6,0
302.63,313.47,1761.6,31.06,132.7,0
298.64,307.64,1422.5,45.07,37.7,0
296.14,305.7,1541.9,57.83,218.6,1
300.7,312.29,1545.4,39.0,4.8,0
300.87,310.7,1333.9,46.89,37.7,0
299.54,310.23,1519.0,32.54,65.4,0
302.5,313.73,1446.5,35.61,177.7,0
299.89,310.31,1757.6,47.17,183.0,0
299.7,309.79,1618.5,28.07,36.4,0
299.69,307.92,1584.2,52.82,74.9,0
298.93,310.0,1642.5,41.17,48.6,0
299.74,311.2,1353.1,41.48,22.3,0
302.51,312.24,1109.2,42.28,128.0,0
300.01,310.2,1320.0,40.19,89.5,0
299.08,308.94,1579.4,66.83,95.4,1
300.22,311.17,1261.8,34.45,79.8,0
302.0,309.46,1590.5,43.44,207.6,0
300.0,310.55,1348.3,32.43,173.5,0
298.67,308.37,1515.0,32.42,74.7,0
299.4,309.89,1399.2,51.63,97.6,0
303.06,313.11,1510.1,22.21,130.9,0
298.88,310.22,1376.7,54.14,123.5,0
303.96,311.52,1573.9,42.31,167.8,0
297.61,308.79,1656.8,54.14,39.9,1
295.06,306.08,1683.5,42.55,41.0,0
300.76,309.67,1498.6,27.41,95.9,0
299.38,310.4,1388.5,61.72,162.4,0
297.26,307.07,1319.5,50.46,34.0,0
298.66,308.56,1285.0,29.6,124.7,0
299.98,311.09,1879.3,31.07,172.8,0
300.65,310.22,1165.4,37.13,2.4,0
299.01,309.3,1951.1,51.23,74.8,1
301.17,312.59,1343.1,37.89,14.7,0
298.86,308.97,1364.1,50.33,54.2,0
296.84,305.18,1448.7,58.32,208.3,0
299.04,310.35,1386.7,44.38,129.8,0
299.57,309.23,1667.8,53.25,67.2,1
299.92,310.38,1569.5,27.27,183.9,0
298.34,309.85,1378.6,35.59,193.8,0
302.05,310.98,1392.3,41.01,188.0,0
300.87,310.84,1533.3,34.68,39.6,0
301.25,310.62,1546.8,38.01,122.8,0
297.25,307.8,1401.3,50.43,28.2,0
298.19,307.83,1346.4,47.47,74.8,0
297.56,307.39,1757.0,27.14,229.3,1
301.58,310.22,1623.5,29.17,117.6,0
300.74,309.26,1320.1,36.19,83.6,1
301.88,312.03,1238.0,43.15,174.8,0
300.58,311.83,1926.2,39.69,91.8,0
301.43,312.93,1694.0,40.72,126.2,0
301.72,311.75,1643.4,45.35,60.9,0
302.41,311.76,1641.1,41.68,114.9,0
302.97,313.39,1495.2,54.01,233.1,1
302.99,311.25,1754.6,39.75,117.7,0
295.98,306.32,1501.2,21.85,9.2,1
304.17,314.55,1667.9,53.4,209.0,1
296.62,307.56,1740.7,44.91,15.0,0
302.05,312.77,1617.6,39.32,147.4,0
303.79,313.99,1590.9,32.89,170.2,0
302.21,311.47,1703.8,35.87,225.7,0
301.56,310.29,1808.5,47.41,120.4,0
299.89,309.47,1364.5,42.8,47.7,0
298.77,308.75,1493.2,20.93,0.8,1
299.72,310.64,1373.2,50.88,167.1,0
297.96,307.51,1558.4,42.91,175.1,0
301.05,312.28,1800.0,36.36,189.3,0
300.39,311.34,1752.1,47.85,59.2,0
301.5,310.28,1595.5,36.22,181.4,0
300.44,310.69,1469.2,33.98,33.7,0
299.43,310.09,1641.2,59.2,42.5,1
299.14,310.63,1480.9,51.55,138.9,0
298.33,309.5,1258.4,44.39,199.6,0
303.69,314.12,1331.6,48.18,50.6,0
299.45,308.57,1619.9,23.45,49.8,0
299.26,308.13,1654.0,24.41,21.8,0
300.23,309.47,1455.4,40.51,27.7,0
299.3,308.76,1652.8,50.23,89.3,0
298.08,309.0,1773.5,43.28,151.1,0
300.17,310.08,1356.9,44.28,155.5,0
303.57,314.87,1430.1,50.52,44.7,0
303.61,313.86,1273.0,43.54,104.4,0
296.94,308.06,1497.2,49.66,81.1,0
299.27,308.51,1862.6,36.26,183.2,0
301.93,311.24,1227.0,48.22,229.0,0
302.36,312.57,1831.8,30.22,231.7,1
301.71,314.25,1501.1,34.73,80.0,0
305.14,314.48,1388.4,55.87,192.4,0
298.84,308.99,1601.7,40.03,211.9,0
301.28,311.64,1522.6,44.16,58.7,0
298.46,306.69,1355.7,48.09,82.7,1
297.0,307.28,1374.2,19.04,160.4,1
301.53,310.16,1506.6,35.53,30.8,0
300.09,309.56,1556.0,18.86,196.7,1
299.74,308.7,1445.5,42.39,117.2,0
299.84,308.51,1543.6,53.48,184.3,0
298.76,309.43,1609.8,27.69,180.4,0
302.48,311.74,1575.1,44.92,50.7,0
298.33,308.69,1392.5,31.32,68.4,0
297.19,308.4,1943.3,45.48,101.2,1
301.57,312.87,1601.6,30.35,19.8,0
299.64,309.21,1710.8,26.28,2.9,0
298.9,310.09,1352.1,47.34,116.7,0
301.96,311.71,1520.5,31.58,62.1,0
298.19,307.17,1563.7,29.65,89.5,0
298.22,308.37,1332.6,37.92,188.5,0
302.45,312.3,1299.4,50.02,36.1,0
297.57,309.56,1399.2,36.44,195.1,0
299.69,308.6,1639.7,42.44,29.2,0
298.09,308.15,1710.3,30.23,60.6,0
299.12,309.83,1594.8,28.65,42.9,0
299.77,309.92,1384.4,52.68,143.0,0
299.66,309.87,1490.3,32.46,20.2,0
302.67,313.57,1371.7,32.13,65.9,0
303.01,312.74,1512.5,58.68,200.4,1
297.81,307.65,1654.1,44.47,35.2,0
302.82,312.61,1630.3,33.38,235.3,0
302.99,312.26,1466.1,41.0,228.1,0
297.63,305.93,1599.6,30.89,27.9,0
300.56,311.29,1429.1,51.35,205.0,0
300.59,309.67,1200.0,42.86,104.9,0
299.93,308.19,1454.9,54.71,145.1,0
302.54,311.73,1473.9,50.12,4.5,0
299.09,309.36,1474.0,53.44,234.2,0
300.07,310.26,1470.5,43.24,69.1,0
299.11,307.29,1282.5,32.55,78.9,1
296.47,307.95,1663.8,40.72,83.1,0
297.91,308.29,1494.2,33.13,167.5,0
299.28,308.6,1844.8,43.94,232.3,0
298.29,307.94,1637.4,67.93,88.6,1
299.55,310.39,1479.9,37.82,150.0,0
300.93,311.74,958.4,53.81,5.6,0
302.51,312.3,1368.6,40.42,221.1,0
296.96,305.75,1603.6,44.02,238.1,0
300.51,311.04,1550.4,23.96,96.3,0
297.2,308.11,1288.0,46.65,76.7,0
299.38,309.74,1842.4,23.18,182.8,0
298.98,310.11,1222.4,52.41,118.8,0
296.35,306.77,1111.9,47.09,42.6,0
299.41,310.61,1398.7,49.65,41.3,0
301.64,311.1,1221.5,17.81,98.5,1
298.18,307.13,1661.3,50.64,239.7,0
299.46,307.06,1438.0,46.76,136.6,0
299.14,309.22,1296.5,52.0,212.0,0
296.22,305.58,1562.9,35.21,88.6,0
300.88,310.44,1874.7,31.32,77.5,0
298.87,310.91,1553.4,50.72,58.8,0
295.18,303.35,1639.9,14.3,120.1,1
302.08,312.96,1302.2,59.62,38.2,0
295.02,305.62,1546.1,40.11,162.4,0
304.41,311.97,1544.5,37.09,100.1,0
299.8,311.38,1725.9,51.93,155.3,1
299.57,309.52,1212.4,41.94,70.3,0
297.01,308.12,1520.1,30.56,172.0,0
297.11,307.0,1416.5,42.23,35.0,0
299.71,311.57,1502.0,35.13,40.5,0
298.44,308.91,1774.0,30.74,50.4,0
302.35,313.17,1844.6,49.61,118.0,1
300.05,310.83,1445.2,50.41,189.0,0
299.19,307.96,1247.4,30.54,35.5,0
299.66,310.35,1382.4,46.89,69.9,0
301.1,310.9,1363.7,31.53,105.6,0
299.08,310.66,1465.7,34.7,70.2,0
297.87,308.82,1622.2,41.21,72.7,0
298.66,308.27,1446.3,23.73,239.1,0
299.1,308.69,1441.5,44.83,204.6,0
297.18,308.6,1390.9,40.56,126.1,0
301.93,313.83,1934.5,42.16,82.2,0
299.48,310.14,1444.7,57.08,189.4,0
298.9,308.14,1115.4,45.58,217.5,1
301.98,310.54,1371.9,38.91,48.6,1
298.97,308.1,1630.9,45.2,16.1,0
297.66,307.25,1479.9,19.73,232.9,1
298.62,308.31,1488.7,56.39,165.5,0
299.12,308.51,1426.5,29.75,9.7,0
298.04,307.24,1598.1,43.53,199.4,0
303.98,314.82,1436.8,39.5,54.6,0
297.73,307.05,1282.2,42.76,187.5,0
298.81,310.1,1529.6,44.7,20.0,0
300.81,311.99,1545.4,51.28,136.6,0
296.54,305.56,1787.0,53.45,186.6,1
301.23,312.93,1350.5,32.73,0.1,0
300.08,308.72,1387.9,40.29,121.8,0
295.1,304.88,1389.0,59.13,59.8,0
299.59,310.86,1430.0,50.04,234.5,1
298.25,308.32,1700.4,38.19,39.2,0
301.95,312.38,1362.0,61.45,106.4,0
298.39,307.44,1628.4,55.84,183.1,1
300.54,311.69,1405.7,51.12,24.7,0
299.15,310.45,1405.9,37.5,37.5,0
300.36,308.61,1648.2,29.02,37.7,0
305.43,314.67,1319.1,25.51,187.1,0
299.44,311.75,1151.0,43.45,72.9,0
301.1,311.81,1319.1,53.13,107.9,0
298.22,308.67,1235.3,48.43,97.0,0
301.83,311.65,1666.7,14.47,184.1,1
303.1,313.29,1573.5,55.35,70.8,1
298.77,309.4,1540.6,31.41,134.4,0
300.43,311.09,1145.4,39.64,25.6,0
300.08,310.97,1214.6,42.03,112.8,0
300.6,310.54,1352.0,27.15,218.1,0
299.49,310.83,1441.1,43.27,153.5,0
299.69,310.64,1577.5,37.76,32.2,0
300.0,309.11,1529.4,29.79,36.4,0
300.99,311.67,1523.9,44.08,58.9,0
296.96,306.21,1485.1,52.28,69.9,0
303.41,313.65,1787.6,47.28,170.7,0
298.47,310.27,1661.8,33.9,212.3,0
297.82,308.04,1365.0,53.05,169.0,0
299.89,311.55,1589.7,40.73,98.6,0
298.16,308.86,1710.7,43.64,219.1,0
302.13,312.24,1708.9,42.37,191.6,0
300.58,309.45,1272.4,33.57,176.3,0
295.04,303.96,1542.4,27.91,191.7,0
300.49,310.14,1718.3,33.58,238.3,0
300.23,309.17,1466.9,50.8,211.3,0
299.54,309.22,1401.8,32.7,126.7,0
298.69,306.96,1465.8,40.86,137.9,0
303.75,313.82,1627.7,40.85,102.5,0
299.92,310.63,1426.9,32.09,109.9,0
298.26,306.78,1349.6,35.78,211.3,1
301.98,313.39,1531.0,46.09,6.3,0
296.9,305.75,1541.3,27.75,229.1,0
299.42,310.08,1539.1,48.21,101.8,0
299.38,311.71,1534.5,49.17,33.0,0
301.73,311.09,1588.1,31.63,106.5,0
299.88,308.24,1356.9,47.43,95.8,1
300.54,311.48,1531.3,35.94,42.0,0
302.75,311.92,1718.4,51.64,28.9,1
297.28,307.37,1499.7,31.27,45.8,0
303.57,313.4,1412.0,45.92,26.9,0
299.77,309.8,1559.9,30.45,205.8,0
303.59,312.95,1180.2,47.8,72.2,0
300.84,310.84,1389.1,32.2,113.1,0
301.53,311.29,1404.4,32.94,33.8,0
300.02,311.31,1572.7,44.19,166.8,0
300.05,309.7,1616.7,21.01,158.6,0
298.57,309.32,1560.8,45.14,224.7,1
299.82,308.0,1654.1,58.69,26.3,1
301.23,312.23,1413.0,53.15,218.2,0
298.49,310.07,1315.0,58.27,8.2,0
303.07,311.48,1667.7,42.8,143.6,0
298.84,308.75,1882.3,42.0,22.1,0
300.97,310.93,990.8,44.36,205.5,0
301.81,312.83,1398.5,33.45,112.7,0
300.86,310.56,1404.7,32.06,147.3,0
299.52,308.41,1497.2,20.45,47.1,1
300.2,310.72,1620.3,37.46,19.7,0
301.68,312.25,1564.3,36.92,54.3,0
301.17,312.52,1269.5,63.78,160.4,0
297.4,307.24,1726.3,28.72,31.6,0
297.4,308.09,1130.8,28.83,8.2,1
301.64,311.09,1614.1,41.97,43.7,0
300.33,310.54,1529.7,34.29,77.4,0
297.93,307.43,1359.0,51.7,196.1,0
298.06,307.55,1555.0,53.6,131.0,0
301.2,311.75,1547.4,17.46,80.9,1
301.2,310.72,1572.9,29.17,131.7,0
298.46,307.19,1380.6,50.12,15.1,0
298.1,309.17,1591.2,38.86,54.5,0
299.06,309.19,1356.8,37.39,209.6,0
294.69,305.82,1813.5,50.0,121.1,1
296.19,307.62,1618.5,39.94,201.6,0
303.23,313.4,1351.8,50.77,36.4,0
301.55,310.61,1553.1,30.98,55.3,0
302.33,311.93,1441.7,43.26,39.8,0
298.16,307.12,1666.0,26.1,36.5,0
302.56,312.07,1591.5,33.72,230.2,1
298.76,310.82,1875.3,36.3,112.3,0
303.1,314.88,1637.0,40.02,133.4,0
298.29,310.39,1154.8,23.49,14.2,1
299.06,309.36,1634.6,24.72,193.7,0
301.42,311.19,1558.7,25.96,93.8,0
301.32,313.1,1918.2,51.03,66.3,1
300.8,310.48,1471.9,16.02,36.4,1
297.2,307.72,1501.8,38.53,28.2,0
299.65,310.08,1359.6,31.84,158.5,0
299.69,310.18,1491.2,29.0,16.9,0
304.36,314.07,1422.1,46.69,237.1,0
300.76,310.45,1266.5,42.77,210.3,0
300.93,309.31,1513.3,44.6,239.4,0
298.46,307.91,1681.4,29.18,200.8,1
297.49,308.16,1596.6,33.92,173.8,0
299.75,310.5,1312.5,39.49,200.7,1
300.8,311.03,1546.3,33.0,118.8,0
297.51,306.71,1749.1,50.59,170.0,1
296.46,305.75,1345.2,48.51,222.1,0
297.85,307.05,1620.9,16.1,138.2,1
302.51,313.65,1327.6,51.47,216.9,0
297.41,308.43,1318.0,54.43,204.5,0
295.3,304.96,1597.9,27.03,186.6,0
299.78,309.58,1463.7,39.1,227.0,0
303.16,312.3,1454.0,20.71,60.8,1
300.76,309.93,1634.3,38.75,107.0,0
302.12,312.45,1640.5,39.56,190.5,0
300.87,312.53,1348.3,37.42,96.3,0
297.87,309.37,1698.9,23.68,80.1,0
297.56,306.46,1566.7,33.84,198.9,0
302.57,313.52,1400.2,33.34,119.3,0
300.77,311.67,1474.0,55.61,84.1,0
301.46,309.46,1513.7,14.71,77.5,1
302.02,312.87,1734.8,31.59,134.5,0
300.11,308.87,1277.5,49.22,47.7,0
302.27,313.0,1631.2,32.89,63.2,0
299.48,308.27,1176.6,53.62,24.9,0
303.53,313.03,1614.2,34.58,136.8,0
306.73,318.64,1451.4,41.02,131.5,0
299.21,308.52,1159.5,40.65,236.0,0
300.44,311.87,1506.0,41.54,58.5,0
302.73,312.91,1597.7,31.19,132.3,0
298.12,307.69,1637.0,29.23,150.5,0
304.26,312.47,1494.3,24.34,235.7,1
299.84,310.8,1842.4,26.19,76.8,0
296.86,308.83,1736.9,54.83,236.7,1
298.98,308.85,1813.0,37.92,121.8,0
298.29,308.42,1586.3,27.26,172.8,0
299.42,308.01,1007.8,30.34,111.7,1
299.41,309.26,1345.1,32.04,104.7,0
301.17,310.99,1285.8,35.29,13.8,0
297.69,309.33,1663.1,52.13,15.7,1
299.5,308.23,1774.6,34.76,171.3,0
296.88,306.97,1993.1,29.7,51.6,0
297.62,307.99,1426.5,32.03,136.8,0
303.44,311.74,1638.3,49.8,163.5,0
299.91,310.02,1280.7,29.97,86.0,0
304.02,315.9,1333.1,31.94,175.3,0
299.83,309.08,1256.1,29.96,43.0,0
301.21,312.52,1409.2,40.16,21.4,0
302.46,312.03,1669.2,36.88,97.8,0
299.64,309.12,1455.3,43.74,85.2,0
298.91,306.93,1385.0,40.01,96.3,0
300.85,313.73,1390.0,33.24,180.4,0
299.6,309.57,1099.1,22.46,14.2,1
299.15,309.58,1715.2,37.22,1.1,0
299.65,309.81,1691.8,32.77,206.2,1
301.05,312.34,1552.5,46.38,82.9,0
303.06,311.47,1309.5,32.34,213.9,1
300.91,310.48,1697.6,54.88,7.3,1
302.41,312.71,1913.1,33.8,193.7,0
299.37,310.14,1433.8,45.13,124.4,0
301.9,311.21,1006.6,19.15,220.8,1
302.27,311.72,1349.7,47.01,27.9,0
298.29,307.99,1411.5,45.53,196.2,0
300.77,311.71,1247.5,57.32,221.1,1
302.64,311.8,1543.6,36.13,124.8,0
299.09,308.34,1268.0,37.76,127.7,0
298.02,308.8,1548.0,48.37,107.5,0
301.54,313.82,1327.9,44.77,19.8,0
300.93,311.0,1271.2,34.85,73.4,0
303.43,313.35,1536.4,24.64,126.6,0
304.68,315.31,1415.9,52.46,216.1,0
297.92,306.65,1445.3,39.34,72.7,0
301.95,314.34,1818.2,46.04,209.7,0
298.76,308.67,1308.0,51.24,218.6,0
304.02,313.37,1483.6,36.22,48.9,0
300.77,312.15,1904.7,42.21,49.4,0
298.31,306.2,1633.4,40.22,195.3,0
302.82,310.3,1835.8,38.48,89.2,0
300.32,310.06,1585.2,45.84,160.4,0
301.55,310.84,1175.3,31.44,150.3,0
301.15,313.12,1488.0,32.05,165.7,0
298.22,308.74,1432.0,61.18,196.0,1
297.3,307.4,1373.5,32.84,167.0,0
297.2,307.66,1543.3,54.04,27.7,0
301.89,311.22,1565.2,48.14,226.4,0
298.06,305.96,1321.0,47.4,68.3,1
299.13,308.93,1745.0,52.69,212.2,1
297.79,307.39,1913.3,63.58,112.5,1
301.11,311.57,1557.3,34.46,183.0,0
300.52,309.82,1355.3,32.88,34.3,0
299.53,309.36,1780.8,33.09,45.4,0
300.43,311.28,1101.8,29.79,81.9,1
304.3,313.61,1429.1,45.41,154.6,0
299.11,309.47,1483.0,43.5,44.2,0
301.0,312.38,1162.0,47.59,16.7,0
300.07,311.3,1406.2,38.05,231.4,0
299.18,308.24,1255.9,37.03,40.8,0
301.75,311.36,1552.3,43.67,56.1,0
298.11,308.98,1620.0,24.24,28.7,0
300.45,311.84,1435.0,38.47,155.7,0
303.99,312.74,1410.0,33.57,147.9,0
296.84,307.36,1398.5,27.43,82.8,0
302.2,312.12,1590.8,37.2,128.7,0
299.29,309.72,1427.4,35.3,232.2,1
301.41,310.76,1822.9,42.37,34.6,0
296.95,307.34,1375.2,38.15,96.5,0
301.0,310.21,1675.8,36.27,100.3,0
299.78,308.7,1369.2,46.13,78.2,0
297.42,308.37,1534.4,46.73,45.8,0
301.39,313.3,1365.1,28.3,216.1,0
300.18,309.16,1422.9,34.55,33.9,0
302.26,313.18,1394.1,57.98,185.9,0
299.54,309.31,1546.7,52.4,37.6,0
298.2,309.0,1582.6,49.8,166.6,0
297.76,308.73,1456.5,56.38,135.2,0
301.13,311.97,1523.8,33.49,98.7,0
296.05,306.44,1784.1,56.92,75.9,1
302.51,311.95,1466.1,19.66,162.3,1
300.19,309.78,1857.9,41.08,12.7,0
301.04,310.35,1598.9,36.1,36.1,0
300.88,312.75,1243.1,56.62,140.0,0
301.07,310.07,1457.2,32.08,24.4,0
296.02,305.2,1607.7,48.46,127.8,0
299.14,308.74,1308.2,36.36,236.0,0
304.49,312.93,1447.8,35.17,106.8,0
300.04,309.5,1371.1,46.64,40.9,0
303.03,313.22,1672.3,18.95,140.4,1
301.76,313.69,1928.2,35.51,136.0,0
304.47,312.52,1551.4,37.53,32.4,0
299.38,310.33,1834.3,65.39,189.8,1
297.51,305.28,1378.0,54.24,227.7,1
297.14,306.06,1877.1,42.11,100.3,0
301.9,313.61,1552.0,47.58,124.9,0
302.0,311.42,1548.8,38.18,57.3,0
299.24,310.26,1452.8,41.18,180.0,0
300.14,309.04,1699.5,46.12,31.4,0
302.77,312.58,1496.6,38.04,91.4,0
301.61,311.06,1761.9,43.35,167.2,0
298.15,309.7,1691.0,26.07,97.7,0
297.38,309.38,1456.0,27.56,117.3,0
299.54,311.74,1566.1,37.94,159.9,0
299.0,310.08,1748.4,51.94,193.5,1
300.62,310.87,1427.1,44.13,192.3,0
300.72,308.76,1529.6,40.1,193.7,0
301.9,310.89,1640.3,51.66,209.1,0
302.46,311.21,1572.3,43.15,169.0,0
301.03,312.6,1568.9,42.14,228.3,0
300.38,309.68,1569.6,41.26,76.9,0
297.76,307.55,1673.9,68.11,145.3,1
300.64,311.4,1338.8,22.1,14.7,1
300.09,310.19,1553.7,45.93,34.5,0
294.82,304.12,1413.3,25.18,18.2,0
300.68,311.49,1607.0,39.7,152.5,0
297.73,306.99,1352.6,39.66,102.4,0
301.47,310.01,1242.3,37.22,232.4,1
300.02,309.65,1652.7,43.53,175.9,0
297.31,306.05,1768.3,48.19,171.9,0
303.29,313.41,1703.8,47.01,219.9,0
298.74,307.37,1628.6,43.14,201.5,0
299.89,308.75,1194.4,40.03,75.2,0
301.3,311.3,1454.6,38.46,84.7,0
297.83,308.07,1808.9,31.04,233.3,0
301.77,311.12,1688.2,52.98,100.7,1
301.08,311.16,1278.2,67.65,151.7,1
299.73,309.83,1568.1,25.77,41.5,0
298.94,308.59,1648.4,45.59,36.0,0
299.78,309.96,1380.7,45.33,229.2,0
300.32,311.46,1468.5,29.49,227.4,0
300.69,310.62,1565.0,39.11,77.6,0
298.36,308.48,1540.2,63.86,192.9,1
299.72,309.8,1462.3,45.49,151.3,0
299.15,308.18,1568.3,43.65,67.7,0
299.43,307.64,1613.6,32.76,232.9,0
298.04,308.38,1540.3,48.6,56.0,0
301.2,310.58,1916.6,26.46,188.8,0
297.53,307.09,1442.3,45.74,30.5,0
298.77,310.04,1627.7,38.7,142.3,0
300.3,312.14,1297.8,40.81,4.7,0
299.11,309.08,1500.3,26.02,19.5,0
297.29,307.37,1851.2,24.04,63.8,0
296.71,307.25,1537.1,32.23,34.3,0
300.4,310.11,1505.5,54.16,78.5,0
301.04,310.02,1587.2,46.34,76.8,0
302.71,312.58,1173.1,35.78,155.0,0
302.6,312.25,1712.9,51.16,176.5,1
301.21,312.89,1435.5,57.32,101.5,0
300.12,309.99,1493.1,45.56,6.1,0
298.04,306.66,1677.2,45.31,218.4,0
298.21,307.3,1247.8,30.63,25.9,0
299.76,310.55,1446.4,29.42,39.1,0
303.46,315.27,1757.8,54.13,132.6,1
298.82,309.46,1458.1,27.58,150.9,0
298.78,307.98,1341.5,56.86,8.3,0
299.47,310.73,1161.0,31.35,13.4,0
299.78,309.26,1562.1,41.46,36.4,0
295.3,304.96,1528.4,56.69,233.4,1
297.16,308.03,1274.3,40.59,125.9,0
298.74,307.96,1688.3,55.39,195.4,1
299.06,309.22,1618.8,35.89,57.4,0
298.43,307.42,1827.7,46.23,54.1,0
301.36,311.55,1511.3,45.72,208.9,0
298.51,310.02,1483.0,38.27,183.7,0
297.03,307.1,1425.8,28.05,9.6,0
298.84,308.47,1481.3,39.4,168.4,0
298.33,307.86,1586.6,36.44,51.1,0
295.67,305.17,1494.7,31.88,133.5,0
298.82,308.78,1573.7,53.05,80.3,0
299.28,309.97,1608.1,45.58,6.9,0
297.69,306.81,1316.9,39.24,44.4,0
303.49,313.96,1483.5,19.66,48.0,1
297.0,306.29,1634.2,27.01,212.8,1
299.57,309.83,1336.5,30.79,212.3,0
298.28,308.22,1523.8,46.18,80.1,0
296.81,306.81,1462.6,29.13,93.8,0
300.11,307.86,1259.3,41.67,190.8,1
297.65,305.61,1575.7,42.23,0.1,0
300.63,310.69,1643.8,40.56,0.0,0
296.96,307.51,1579.0,38.91,88.3,0
296.76,304.65,1491.1,30.35,67.2,0
299.04,308.35,1588.9,41.1,34.0,0
295.53,306.15,1897.1,37.67,28.9,0
296.78,304.91,1598.5,20.13,223.7,1
302.44,313.48,1139.3,45.79,166.8,0
299.94,310.15,1440.0,38.6,166.0,0
300.43,311.41,1464.4,41.92,103.8,0
298.79,308.92,1882.8,41.78,157.6,0
303.96,313.44,1428.5,24.57,48.6,0
299.68,311.16,1613.1,38.52,165.5,0
302.45,309.37,1722.8,43.52,205.7,0
298.97,307.27,1436.4,23.91,68.8,0
301.63,312.13,1597.0,28.68,89.6,0
302.63,311.7,1346.9,37.77,153.4,0
297.8,308.53,1142.0,60.63,184.2,0
301.79,312.99,1707.5,30.39,97.9,0
300.83,310.73,1498.0,45.44,221.9,0
297.63,308.01,1339.8,20.98,82.4,1
304.96,313.56,1600.8,47.23,151.8,0
299.87,307.92,1057.1,27.72,190.1,1
300.91,310.01,1665.3,21.54,237.7,0
297.4,307.24,1493.3,52.64,226.1,0
298.58,306.97,1340.6,40.6,200.8,1
302.25,311.78,1553.4,33.62,84.3,0
297.2,308.11,1702.0,48.87,108.9,0
302.15,310.32,1502.3,40.32,190.5,0
299.05,309.04,1542.9,43.05,228.0,0
296.9,307.94,1421.7,38.83,195.5,0
300.5,310.54,1583.6,44.42,186.3,0
301.38,311.71,1679.6,36.83,85.8,0
297.46,308.35,1444.7,49.42,50.0,0
297.6,308.18,1253.6,41.87,10.0,0
299.49,309.5,1480.8,42.27,168.2,0
301.27,310.52,1420.7,38.9,165.3,0
298.65,308.01,1705.6,37.92,6.6,0
302.24,312.52,1669.6,33.67,130.5,0
302.78,313.58,1412.8,17.92,109.1,1
299.99,309.25,1547.3,39.73,74.4,0
300.67,308.73,1538.6,50.06,2.5,0
302.76,314.2,1581.2,17.02,106.7,1
297.77,307.76,1441.8,30.63,222.0,0
302.53,312.93,1433.1,28.99,216.5,0
300.86,311.57,1457.5,44.2,37.2,0
300.7,310.13,1480.8,40.09,186.2,0
301.52,309.49,1507.6,37.03,43.8,0
298.37,309.65,1573.3,34.05,106.7,0
298.66,306.56,1579.2,43.26,177.7,0
302.43,312.01,1340.8,43.62,167.7,0
302.42,312.58,1411.7,26.68,25.5,0
298.4,308.53,1323.5,36.31,15.6,0
299.61,312.04,1385.9,47.9,220.6,1
300.72,310.36,1622.9,51.06,159.5,0
293.65,304.77,1401.6,45.58,16.0,0
300.32,309.7,1302.9,46.64,55.7,0
300.64,311.07,1491.9,38.57,14.4,0
300.23,309.75,1379.6,28.54,2.1,0
300.79,310.42,1813.9,30.52,192.3,0
300.85,311.9,1418.5,40.61,93.1,0
298.33,307.4,1533.6,34.7,30.5,0
296.03,305.91,1696.6,44.97,237.0,0
300.06,311.73,1591.2,31.99,54.1,0
299.95,310.3,1168.8,48.4,187.4,0
302.94,313.2,1662.5,35.81,145.5,0
302.23,311.0,1673.2,49.91,189.7,0
302.21,311.28,1503.6,34.15,143.8,0
299.19,310.86,1458.9,41.03,15.9,0
303.63,314.7,1657.3,51.35,88.7,0
298.25,308.94,1640.4,19.09,72.8,1
298.26,308.06,1343.4,62.75,122.7,0
296.94,308.27,1395.3,25.72,221.6,0
298.61,307.5,1422.8,40.84,117.5,0
298.68,309.69,1407.1,34.41,64.4,0
299.78,310.6,1344.6,39.26,217.4,1
298.31,307.94,1383.3,57.53,124.2,0
298.67,309.08,1265.6,46.75,184.4,0
300.85,310.5,1518.8,31.7,164.9,0
298.39,309.35,1360.8,56.13,139.6,0
301.49,312.91,1682.9,29.98,49.4,0
300.94,309.12,1606.1,53.18,119.3,0
300.06,311.21,1469.7,52.85,129.0,0
301.65,312.74,1492.5,66.06,195.1,1
300.16,310.15,1657.2,61.63,222.7,1
302.64,312.56,1460.5,52.76,47.8,0
302.01,312.34,1740.5,38.46,114.3,0
299.24,309.57,1571.5,48.6,192.3,0
303.65,314.3,1461.2,52.42,64.4,0
300.96,308.73,1452.8,33.76,213.9,0
301.81,311.87,1397.0,34.33,103.2,0
300.34,311.72,1371.9,36.62,132.6,0
300.62,310.14,1351.8,37.11,52.8,0
301.28,309.53,1572.3,53.25,229.1,0
299.67,306.9,1474.3,51.45,23.0,0
300.8,310.22,1395.2,41.51,41.7,0
300.18,310.65,1510.9,48.57,139.1,0
298.4,307.82,1518.9,44.48,19.7,0
299.49,308.44,1487.9,30.17,147.6,0
298.18,309.03,1449.4,60.47,118.0,1
300.6,309.42,1407.4,50.57,147.8,0
301.44,310.28,1304.1,51.17,144.2,0
299.39,308.47,1529.1,33.38,75.4,0
298.75,309.17,1467.0,47.01,144.1,0
299.56,309.6,1623.7,37.04,167.4,0
296.57,307.1,1373.1,45.92,91.4,0
296.8,306.89,1565.6,37.66,61.2,0
300.26,311.21,1705.4,39.79,40.4,0
301.74,310.6,1233.5,29.37,203.0,1
297.77,309.04,1838.2,51.92,22.2,1
299.78,309.48,1866.7,51.08,108.7,1
298.94,310.85,1428.6,61.9,55.0,1
299.08,310.2,1509.0,44.37,12.5,0
298.02,306.57,1911.0,33.19,42.2,0
295.44,304.73,1604.4,35.5,193.9,0
301.06,312.55,1575.9,41.9,196.1,0
300.45,310.91,1203.9,43.95,173.6,0
302.66,314.56,1500.7,41.33,205.3,0
299.59,309.57,1438.4,39.9,32.4,0
301.11,311.28,1741.3,54.69,200.2,1
299.73,310.47,1539.4,44.3,59.6,0
297.87,306.58,1659.9,43.98,0.1,0
296.53,306.97,1420.6,31.0,130.0,0
297.99,308.68,1919.1,34.35,84.9,0
297.49,306.51,1498.8,23.31,125.6,0
298.02,308.67,1174.6,40.03,49.7,0
298.45,307.89,1426.5,52.99,99.0,0
298.62,309.3,1452.7,46.12,3.8,0
297.38,307.94,1717.0,55.98,189.7,1
299.99,308.54,1456.8,47.09,3.9,0
300.31,311.37,1299.0,40.93,111.6,0
301.65,310.9,1449.5,41.64,227.5,1
301.48,311.09,1690.2,43.66,92.8,0
298.78,307.9,1362.6,34.58,123.0,0
295.39,305.72,1639.5,31.6,84.6,0
301.57,313.69,1782.2,66.88,35.0,1
299.62,308.85,1624.9,41.09,125.1,0
302.01,312.16,1560.0,29.41,149.2,0
299.86,310.18,1408.2,39.45,105.2,0
296.61,306.74,1804.9,43.92,174.9,0
299.32,309.17,1910.1,35.38,90.7,0
298.85,307.94,1475.6,32.23,34.1,0
300.76,310.53,1365.6,46.68,10.1,0
298.38,310.72,1579.8,52.2,100.2,0
300.53,310.02,1367.8,37.76,219.9,0
303.62,314.42,1479.9,51.43,15.9,0
294.47,305.03,1687.0,34.69,19.2,0
295.85,306.39,1127.4,21.33,204.1,1
299.87,311.15,1753.4,28.23,79.3,0
298.75,307.7,1331.1,23.49,141.5,1
298.51,306.86,1523.9,32.62,195.6,0
298.54,308.86,1641.5,36.88,233.5,1
302.54,312.96,1544.3,32.68,197.8,0
296.37,305.72,1587.3,64.54,111.4,1
300.52,310.89,1335.0,37.51,178.2,0
298.43,308.87,1593.6,42.91,115.5,0
300.67,310.51,1352.3,59.31,104.5,0
300.46,309.93,1455.8,40.42,225.0,0
300.37,312.42,1046.9,41.29,141.2,0
296.78,307.87,1443.9,53.37,39.6,0
300.96,311.71,1446.4,42.91,19.7,0
300.07,309.94,1297.0,37.08,22.2,0
303.57,313.23,1166.2,15.15,0.5,1
300.47,310.95,1671.2,39.02,164.6,0
300.87,310.04,1453.5,38.74,214.3,0
302.57,312.89,1747.8,38.98,197.1,0
300.43,311.0,1058.0,60.09,25.8,0
297.7,306.93,1164.7,36.92,68.3,0
302.51,313.05,1483.8,54.33,168.0,0
302.25,313.03,1482.8,37.63,204.5,0
298.76,307.04,1364.5,49.25,70.5,1
299.44,308.47,1546.2,33.14,236.3,0
299.31,309.97,1562.1,44.67,19.1,0
299.15,308.89,1653.2,46.83,35.8,0
303.07,313.83,1409.7,27.84,172.5,0
299.06,309.26,1234.8,21.17,132.5,1
295.99,304.76,1551.0,50.96,8.1,0
300.72,311.26,1541.6,41.02,204.7,0
300.91,311.99,1401.3,31.56,170.2,0
299.52,310.0,1281.8,63.1,101.4,0
298.24,310.28,1244.8,33.7,1.8,0
301.03,308.6,1320.5,45.83,237.2,1
301.11,310.62,1141.3,24.76,217.8,1
297.01,307.86,1307.8,28.4,192.1,0
299.9,309.95,1166.3,42.01,120.3,0
300.44,311.31,1340.4,26.28,121.2,0
295.88,305.48,1747.6,39.45,146.9,0
295.51,306.48,1561.6,29.53,172.6,0
297.62,307.26,1502.0,36.98,79.8,0
297.65,308.42,1553.1,29.05,210.8,1
302.35,311.65,1518.7,48.64,141.8,0
298.39,308.65,1470.8,37.71,55.1,0
301.26,310.83,1478.7,52.24,9.7,0
302.09,311.77,1347.7,46.39,230.1,1
299.46,311.28,1321.0,37.01,120.4,0
303.4,312.88,1401.9,33.41,144.1,0
305.69,316.64,1560.4,54.33,69.0,0
301.09,311.58,1730.4,39.14,78.9,0
298.72,308.53,1470.9,36.26,155.2,0
300.39,310.32,1705.2,52.12,62.0,1
298.36,307.11,1162.4,51.0,49.0,0
300.47,310.86,1640.9,36.42,130.2,0
299.28,309.17,1863.7,37.81,204.7,0
300.23,311.96,1619.2,16.89,231.6,1
299.03,309.18,1531.4,22.7,111.7,0
302.14,313.17,1486.7,44.1,189.4,0
298.8,309.59,1661.3,62.35,174.1,1
302.36,311.62,1801.4,36.74,238.1,0
298.67,309.69,1456.1,33.9,237.9,0
298.92,309.65,1267.7,50.78,24.9,0
296.36,306.22,1527.4,46.31,153.0,0
300.49,308.85,2017.8,52.86,54.4,1
297.56,305.72,1191.2,40.61,92.9,1
299.17,308.65,1690.9,42.86,0.9,0
296.35,308.69,1738.2,34.17,99.7,0
302.76,310.51,1549.2,36.78,202.3,0
299.08,308.89,1638.2,48.8,239.1,0
298.49,309.67,1834.7,43.85,76.1,0
298.59,310.31,1404.0,59.05,13.2,0
298.4,310.85,1590.8,45.86,91.1,0
301.04,311.79,1439.8,42.06,127.4,0
301.53,311.92,1488.1,42.04,235.5,0
299.04,307.08,1722.3,34.32,204.4,0
301.29,311.73,1310.6,58.11,43.8,0
300.84,312.59,1516.8,47.99,202.0,0
296.17,305.66,1585.7,28.31,138.6,0
299.39,308.61,1356.8,37.28,214.9,0
304.34,314.91,1268.8,47.04,64.6,0
300.71,310.83,1727.6,35.8,25.6,0
297.77,307.93,1355.4,49.57,63.4,0
297.84,307.15,1520.4,36.02,40.4,0
298.45,307.41,1670.1,29.51,4.0,0
300.62,312.16,1719.3,61.96,207.3,1
300.21,310.2,1357.7,38.85,190.7,0
300.21,309.57,1439.8,38.97,50.6,0
299.35,308.78,1337.1,38.4,97.1,0
296.3,305.11,1468.1,47.36,205.5,0
297.46,308.15,1003.3,40.4,97.3,0
300.55,311.26,1579.6,44.6,153.8,0
302.17,313.19,1534.7,42.12,239.6,0
299.64,308.13,1584.7,45.2,230.3,0
298.16,306.86,1514.4,38.54,25.7,0
300.3,310.84,1449.2,22.68,208.5,1
297.51,308.29,1417.4,30.2,48.4,0
299.1,308.59,1280.5,56.1,205.9,0
295.13,305.28,1373.3,42.92,104.0,0
301.89,313.35,1650.1,25.63,125.8,0
300.28,310.74,1466.0,47.94,42.5,0
300.27,309.15,1505.2,36.34,109.1,0
299.53,310.2,1609.1,59.03,201.5,1
299.72,310.86,1410.8,42.03,187.4,0
298.79,308.01,1727.2,38.93,154.1,0
300.97,311.59,1405.0,45.56,23.7,0
301.56,310.64,1432.4,49.45,15.1,0
300.92,310.79,1610.4,35.47,58.6,0
304.47,313.86,1645.2,29.71,221.9,1
296.17,304.19,1954.2,40.53,78.6,0
299.06,307.88,1491.1,39.78,46.4,0
301.33,311.87,1512.2,32.42,193.1,0
297.59,306.86,1279.0,17.72,135.7,1
298.78,309.55,1231.8,25.17,77.9,1
301.18,310.45,1512.4,27.69,118.4,0
297.67,308.21,1468.9,35.66,215.0,0
300.91,310.41,990.8,57.37,17.4,0
297.71,305.23,1409.3,41.95,177.1,0
300.18,310.62,1483.7,62.36,98.2,1
302.87,312.79,1793.0,26.5,22.4,0
302.44,311.8,1613.7,44.21,143.6,0
299.89,307.53,1511.3,51.35,66.5,0
301.68,313.14,1445.1,17.37,117.5,1
303.56,313.47,1562.9,37.02,120.9,0
300.34,311.64,1777.9,40.01,224.3,0
298.88,308.67,1464.8,11.97,137.2,1
299.35,308.78,1557.7,33.44,10.8,0
301.61,313.3,1548.6,47.91,14.7,0
297.36,307.79,1783.9,43.16,173.8,0
297.75,309.0,1523.8,21.07,103.6,1
298.56,306.81,1594.9,48.2,41.1,0
301.21,311.35,1603.6,31.29,20.4,0
300.43,310.76,1334.5,45.43,167.9,0
301.59,312.96,1415.6,19.79,127.4,1
302.17,311.39,1732.1,36.85,79.2,0
296.4,306.95,1280.5,31.79,51.7,0
298.83,309.02,1601.2,30.72,75.8,0
296.41,305.0,1602.2,21.87,47.1,0
299.03,310.68,1423.3,40.96,139.5,0
300.3,309.8,1777.5,45.42,128.1,0
301.6,310.6,1294.4,48.91,171.0,0
300.27,309.97,1657.0,58.47,191.7,1
300.04,310.36,1641.9,30.26,17.8,0
299.19,309.09,1421.2,39.3,62.7,0
296.42,305.85,1701.1,43.17,201.1,0
300.77,309.27,1586.2,43.01,106.2,0
297.5,308.17,1766.4,48.16,110.6,0
297.37,304.52,1475.5,42.21,2.8,0
302.91,313.16,1824.1,42.76,7.3,0
298.52,310.03,1585.1,27.59,19.8,0
301.81,314.11,1756.8,50.13,129.4,1
297.57,308.84,1497.6,26.37,172.6,0
301.73,311.67,1349.5,24.29,121.0,1
299.59,310.4,1622.0,50.58,35.5,0
298.77,307.68,1449.4,51.82,184.3,0
302.18,313.69,1439.2,53.53,10.2,0
299.58,309.78,1461.9,40.92,143.8,0
301.56,311.57,1504.6,49.2,82.0,0
298.45,309.37,1319.8,38.09,135.1,0
300.1,310.67,1484.3,47.14,77.2,0
298.99,308.18,1637.2,24.21,90.1,0
303.06,313.47,1458.0,37.67,49.9,0
296.67,307.72,1266.8,35.03,188.8,0
302.78,312.93,1221.3,22.16,221.9,1
301.45,311.76,1588.0,41.49,94.0,0
300.52,310.08,1292.5,35.78,1.2,0
298.91,308.36,1570.0,35.11,227.6,0
302.18,311.67,1279.6,51.78,126.8,0
301.45,311.76,1537.3,43.04,167.2,0
298.77,308.2,1611.8,51.44,160.7,0
299.75,308.73,1572.9,46.26,100.8,0
299.61,308.67,1465.8,27.89,51.3,0
298.73,310.35,1818.3,50.04,197.3,1
298.53,311.27,1370.3,45.97,180.1,0
300.19,308.19,1676.5,42.67,55.0,0
299.18,308.37,1438.8,32.38,230.2,1
300.83,310.89,1367.1,47.17,67.1,0
299.34,310.61,1584.5,29.1,220.3,0
299.77,308.82,1300.8,35.93,42.8,0
301.78,311.68,1698.5,38.07,199.6,0
302.83,313.41,1766.7,43.56,13.8,0
300.89,310.3,1606.7,36.57,183.6,0
297.7,309.18,1492.4,48.69,170.1,0
298.88,309.32,1552.7,43.6,22.7,0
298.02,307.3,1443.1,22.69,130.7,1
298.96,308.55,1288.3,32.19,47.5,0
300.42,311.42,1443.0,46.41,211.8,1
299.17,306.7,1715.6,33.23,121.2,0
300.09,309.2,1346.2,47.13,120.2,0
297.88,308.58,1749.3,24.09,2.6,0
301.48,313.18,1544.0,39.96,25.6,0
300.17,309.69,1668.5,49.71,221.8,0
298.38,309.17,1458.9,32.51,68.1,0
301.0,310.93,1470.6,29.77,0.7,0
299.0,308.52,1284.7,53.08,32.1,0
301.61,311.92,1583.3,42.21,126.2,0
300.23,309.42,1375.1,38.25,95.3,0
296.22,306.49,1241.1,31.3,97.7,0
301.53,312.94,1729.5,35.1,121.4,0
301.96,312.45,1404.4,48.95,22.1,0
302.82,312.2,1593.7,33.48,124.7,0
297.23,308.14,1621.8,27.62,186.7,0
298.78,309.77,1347.6,46.53,189.8,0
302.95,313.39,1570.3,43.51,187.3,0
300.58,310.61,1692.2,68.5,124.9,1
300.58,311.53,1557.9,37.15,209.1,0
301.25,312.16,1372.6,54.95,24.0,0
300.63,311.26,1635.0,34.37,196.2,0
298.73,308.69,1313.4,34.96,203.4,0
296.0,305.19,1125.5,20.17,199.5,1
298.71,311.2,1614.4,45.66,133.1,0
301.58,308.79,1531.1,31.01,57.0,0
302.88,311.2,1481.5,27.78,97.8,0
300.68,312.08,1430.3,36.61,24.6,0
297.89,309.0,1832.4,42.1,121.8,0
302.64,312.58,1636.6,43.27,137.8,0
302.91,312.28,1367.8,42.23,193.8,0
297.79,308.56,1113.9,29.44,101.0,1
297.42,306.14,1679.7,29.31,199.3,0
297.88,306.57,1493.2,24.99,182.7,0
300.53,310.19,1400.2,39.22,188.0,0
297.5,306.82,1407.8,37.64,135.7,0
299.05,310.7,1677.5,31.56,190.2,0
303.08,311.14,1566.6,36.96,201.4,1
300.59,312.31,1531.4,29.54,135.3,0
300.65,310.57,1472.1,38.5,133.9,0
301.61,312.79,1319.5,42.76,214.0,0
300.64,311.26,960.6,27.77,54.7,1
298.61,308.06,1294.7,21.38,156.0,1
301.95,311.23,1372.9,29.28,4.2,0
300.69,309.95,1665.5,40.18,97.8,0
297.08,304.66,1690.1,32.55,104.2,0
303.55,313.89,1539.1,30.02,183.1,0
298.92,308.76,1457.7,36.25,132.1,0
298.35,307.94,1221.3,23.44,52.0,1
296.63,305.94,1776.6,50.91,211.7,1
300.61,309.8,1288.0,59.4,28.8,0
301.92,310.48,1417.8,43.38,141.0,0
300.56,308.63,1447.1,61.21,205.1,1
301.71,313.14,1767.2,40.09,123.3,0
296.48,305.19,1003.1,63.05,28.0,0
301.96,311.83,1522.0,43.93,46.4,0
297.16,305.96,1518.2,37.96,226.9,0
302.71,313.21,1722.3,46.8,17.6,0
299.95,309.62,1405.9,43.42,151.1,0
300.88,312.13,1326.4,43.59,34.5,0
299.82,309.12,1493.8,41.81,118.9,0
298.48,308.77,1649.2,53.49,107.8,1
301.3,312.08,1675.1,28.69,143.1,0
298.57,309.63,1805.9,51.1,174.0,1
302.08,310.07,1951.7,26.83,135.7,0
300.68,310.53,1506.7,37.89,224.8,0
299.57,312.21,1563.0,50.43,21.4,0
303.11,314.82,1239.3,57.99,48.6,0
301.75,311.24,1096.7,44.68,111.4,0
301.86,315.06,1726.6,31.75,18.9,0
301.01,311.85,1536.6,50.27,198.0,0
301.73,311.62,1278.4,42.53,234.3,0
300.8,311.81,1675.4,32.08,73.7,0
297.31,306.43,1615.7,51.47,11.5,0
301.1,310.47,1819.9,44.92,103.5,0
299.86,310.18,1239.9,44.52,199.7,0
298.02,308.76,1851.0,30.48,177.8,0
297.6,307.6,1561.3,37.99,200.1,0
303.06,311.59,1214.0,30.06,24.6,1
300.84,311.97,1608.9,38.99,131.1,0
299.77,308.61,1471.1,26.44,56.1,0
296.65,307.49,1658.2,31.18,210.4,1
301.34,312.7,1481.7,42.21,54.9,0
300.01,307.48,1812.6,42.52,141.3,0
299.59,308.55,1255.4,10.76,108.9,1
299.37,308.4,1622.2,37.22,97.2,0
300.21,309.66,1545.2,30.8,0.5,0
299.19,309.08,1561.3,34.69,151.0,0
299.45,309.97,1770.9,39.26,158.3,0
301.8,311.88,1922.3,38.36,164.8,0
299.06,309.38,1734.4,46.42,224.9,0
298.39,308.01,1340.7,46.61,142.6,0
302.59,312.92,1520.1,32.17,103.2,0
298.72,308.2,1468.9,39.48,38.0,0
300.43,310.26,1477.0,42.29,145.2,0
299.62,308.16,1028.2,32.87,143.6,1
299.14,308.03,1475.3,45.1,211.8,0
299.78,308.59,1321.5,29.51,68.1,0
297.6,307.97,1183.2,44.77,219.1,0
298.25,308.59,1664.9,59.16,96.4,1
298.98,309.4,1531.5,25.48,6.3,0
298.8,308.27,1587.5,14.73,15.2,1
296.26,304.32,1278.2,40.4,92.3,1
301.64,312.77,1684.2,33.98,172.4,0
302.15,313.71,1399.3,51.86,118.5,0
299.99,308.22,1233.2,36.97,0.2,1
298.12,306.93,1545.5,30.75,166.9,0
302.19,311.2,1703.8,27.61,93.6,0
299.75,308.86,1451.5,40.75,161.5,0
302.12,313.99,1633.9,54.8,204.6,1
301.0,312.11,1325.3,42.45,33.7,0
301.27,310.05,1553.3,46.92,228.4,0
299.74,307.81,1583.4,21.74,53.3,0
302.34,311.88,1691.2,32.44,24.7,0
298.71,309.15,1339.7,19.6,44.8,1
300.23,308.63,1602.6,37.41,226.8,0
301.2,311.08,1620.2,37.65,166.7,0
298.49,309.63,1467.5,35.72,206.5,1
302.47,313.44,1472.0,41.67,155.0,0
295.03,304.73,1718.8,36.02,3.8,0
299.01,310.06,1357.1,23.1,53.8,1
300.97,312.29,1696.9,50.27,123.0,0
295.96,304.9,1656.2,47.48,116.2,0
302.32,312.67,1433.2,27.32,64.6,0
303.71,314.16,1538.2,48.31,78.1,0
298.3,308.56,1459.8,44.21,174.9,0
297.22,308.77,1584.2,29.64,203.0,0
300.16,311.21,1532.8,37.54,230.4,0
301.76,310.49,1446.2,36.23,228.1,0
301.82,312.02,1260.2,43.72,227.5,0
298.1,307.48,1771.7,45.99,31.6,0
298.42,308.53,1738.2,54.05,126.4,1
301.15,310.42,1550.9,44.63,79.4,0
301.32,309.62,1443.8,41.51,77.9,0
300.34,309.16,1551.7,29.45,106.1,0
299.64,310.22,1336.7,40.42,80.9,0
299.83,308.34,1341.6,37.66,141.2,1
303.48,313.09,1383.3,54.4,147.3,0
300.46,310.93,1881.8,34.27,232.2,1
298.38,308.77,1730.4,54.73,211.8,1
300.62,309.7,1533.3,54.32,55.7,0
301.02,310.88,1767.6,25.57,198.5,0
301.23,309.31,1517.3,40.45,81.6,0
301.32,311.46,1346.3,30.55,43.7,0
301.37,311.87,1630.3,30.18,91.9,0
294.42,302.73,1288.6,40.69,204.1,1
300.38,311.46,1373.7,31.81,227.9,0
300.13,310.22,1355.4,48.96,177.3,0
300.95,311.78,1615.4,64.42,126.2,1
300.42,309.84,1180.8,35.05,176.9,0
300.26,310.6,1530.8,45.29,201.9,0
299.7,310.11,1483.5,40.89,21.6,0
300.05,310.83,1653.1,53.43,111.2,1
301.19,311.28,1285.8,42.14,20.9,0
296.62,307.1,1666.4,33.27,77.0,0
299.96,309.01,1356.2,31.73,90.9,0
303.11,311.3,1385.9,52.35,122.6,0
300.48,309.01,1130.3,46.17,132.9,1
299.74,308.75,1391.5,38.07,105.5,0
301.63,312.4,1753.1,45.91,47.6,0
300.75,309.18,1734.7,33.44,232.0,1
301.59,311.19,1610.4,51.59,136.0,0
297.53,306.44,1830.2,23.11,175.9,0
300.89,309.5,1278.6,32.71,56.7,0
298.6,308.37,1631.1,52.6,168.6,0
300.09,311.4,1595.6,35.85,133.4,0
299.26,310.23,1241.7,40.98,176.9,0
301.04,310.57,1553.3,32.27,226.1,0
299.89,310.65,1615.8,23.97,146.7,0
299.8,309.18,1182.6,46.12,206.5,0
300.48,311.05,1555.0,41.44,59.2,0
301.83,311.18,1291.8,38.02,27.0,0
295.76,305.89,1389.9,51.66,134.0,0
301.28,310.9,1694.8,54.75,180.7,1
302.89,313.92,1245.9,50.65,207.1,0
301.92,313.76,1478.0,52.65,145.6,0
303.86,313.09,1287.7,38.61,136.5,0
299.2,309.76,1482.3,24.41,89.3,0
298.73,308.67,1382.9,32.39,14.6,0
301.75,310.33,1807.9,39.74,48.5,0
299.7,310.53,1729.1,33.27,195.5,0
301.6,310.57,1551.6,42.35,200.4,0
300.8,312.36,1790.9,28.03,5.5,0
301.55,312.61,1553.2,24.09,140.9,0
299.74,309.92,1433.2,50.78,156.9,0
299.88,309.23,1409.3,35.72,1.2,0
298.06,308.63,1559.4,53.0,22.3,0
301.1,310.99,1598.2,41.71,36.4,0
300.27,310.75,1391.9,25.68,110.5,0
297.13,307.44,1731.9,44.5,179.0,0
300.83,311.09,1422.4,43.02,43.4,0
302.32,313.42,1227.7,45.29,158.8,0
303.02,312.26,1608.9,37.26,149.5,0
299.93,309.66,1327.9,35.36,81.0,0
297.14,306.81,1146.0,45.67,194.7,0
300.16,309.7,1513.2,31.89,24.1,0
299.24,310.97,1397.0,27.21,33.7,0
299.86,309.97,1240.1,15.61,36.0,1
299.76,310.27,1629.0,28.7,168.2,0
296.49,308.44,1438.8,21.17,15.8,1
299.86,308.4,1542.7,33.47,160.1,0
299.14,308.84,1428.0,28.99,4.1,0
304.32,315.83,1606.2,45.45,101.7,0
298.87,309.56,1396.8,46.36,221.8,0
304.7,315.1,1738.4,28.77,6.2,0
304.61,314.47,1349.3,44.44,38.9,0
300.28,311.44,1726.1,45.0,14.8,0
299.0,306.47,1174.7,48.33,5.4,1
300.14,310.66,1448.9,54.21,216.3,0
299.72,311.71,1628.3,26.59,154.1,0
300.55,312.1,1469.9,47.39,29.9,0
296.74,305.28,1325.2,46.55,219.4,1
297.13,308.68,1476.4,43.42,106.3,0
296.88,303.71,1368.6,47.58,41.4,1
300.06,311.2,1768.9,51.8,60.3,1
299.11,309.3,1210.0,34.21,191.3,0
299.44,309.41,1890.8,43.67,190.2,0
299.13,308.98,1254.3,50.1,21.6,0
301.27,312.3,1291.3,36.68,195.0,0
298.95,307.99,1526.7,42.0,172.8,0
303.08,312.83,1384.4,41.5,10.2,0
298.56,308.78,1373.8,41.71,19.1,0
303.86,314.46,1357.7,49.42,66.1,0
298.88,310.59,1627.6,53.9,5.9,1
298.84,308.59,1283.8,37.58,85.3,0
298.11,308.59,1499.0,42.45,28.9,0
301.33,311.35,1326.2,22.16,48.1,1
296.96,308.03,1669.4,34.78,61.0,0
298.15,308.53,1532.4,36.37,140.4,0
296.28,305.99,1436.2,29.21,7.7,0
302.02,311.89,1361.4,43.89,79.3,0
297.16,306.27,1516.2,36.91,141.2,0
299.48,309.03,1499.5,41.99,157.2,0
297.85,307.21,1563.0,38.65,171.6,0
300.18,308.21,1403.0,34.19,0.7,0
300.03,313.49,1788.8,47.04,10.2,0
298.19,307.43,1553.8,32.14,199.2,0
302.0,309.93,1305.9,48.37,237.5,1
299.2,308.67,1269.2,31.83,195.3,0
298.12,308.98,1451.0,49.92,91.7,0
301.13,311.54,1487.0,43.09,115.2,0
299.85,310.58,1572.8,47.84,43.9,0
299.57,306.97,1383.0,28.23,139.9,0
305.61,313.88,1470.8,40.57,170.8,0
301.02,310.7,1014.3,52.54,158.5,0
302.21,312.39,1168.3,38.19,129.7,0
300.41,310.79,1599.5,41.99,159.7,0
303.55,313.86,1444.1,36.78,223.4,1
303.36,312.74,1525.4,55.12,180.2,0
297.58,307.0,1734.9,28.49,107.7,0
300.59,310.98,1956.1,36.15,175.4,0
297.27,306.94,1902.5,34.94,122.0,0
301.56,309.77,1905.9,35.77,214.6,0
302.18,313.47,1146.4,46.21,85.5,0
295.44,305.25,1325.1,35.35,121.6,0
299.72,309.78,1653.8,56.16,62.3,1
302.17,312.5,1421.3,40.74,202.2,1
299.38,309.67,1435.0,37.52,155.5,0
301.01,311.31,1708.8,30.52,141.7,0
300.7,309.39,1154.6,50.01,36.1,0
299.7,308.71,1751.3,34.8,203.5,0
300.56,310.65,1326.1,52.51,62.1,0
300.89,309.18,1350.6,44.33,10.6,1
302.32,311.47,1565.1,47.33,214.5,0
298.32,308.0,1438.5,43.31,223.4,0
301.85,310.71,1428.0,35.09,153.6,0
303.42,311.91,1456.4,32.21,146.4,0
298.87,309.37,1477.0,53.7,6.1,0
298.34,308.59,1525.3,40.6,134.6,0
300.89,311.22,1667.6,38.9,182.4,0
300.93,310.02,1410.3,38.63,120.6,0
296.84,306.05,1539.0,52.18,127.8,0
297.24,307.22,1571.5,36.29,62.0,0
293.94,304.33,1503.6,29.15,138.2,0
297.51,308.15,1640.1,43.28,51.5,0
301.28,310.11,1512.1,23.95,85.9,0
300.09,308.74,1758.4,6.75,209.6,1
301.08,311.51,1427.8,19.18,82.0,1
300.59,310.55,1493.5,52.74,22.7,0
298.14,309.78,1607.3,40.83,217.5,0
299.64,310.17,1557.8,43.19,76.3,0
301.28,311.41,1489.5,42.32,136.1,0
299.41,309.62,1507.3,28.5,218.8,0
300.15,309.63,1487.8,52.41,180.7,0
298.28,307.36,1780.2,35.63,207.9,0
299.14,309.0,1625.5,43.81,124.1,0
303.52,313.47,1634.3,28.2,220.6,0
302.38,311.97,1333.5,31.69,193.1,0
300.04,312.76,1301.7,48.45,105.7,0
301.77,311.35,1354.8,59.52,21.7,0
299.16,309.82,1397.2,53.53,26.6,0
297.58,306.53,1473.2,36.86,165.0,0
298.12,308.25,1442.3,30.74,166.7,0
299.55,309.86,1740.2,47.18,14.8,0
301.23,310.15,1543.6,22.01,49.7,0
299.19,310.14,1476.4,34.98,123.5,0
299.88,310.84,1694.9,43.96,11.8,0
297.59,306.78,1469.3,45.13,127.3,0
298.9,308.6,1453.0,49.36,90.0,0
302.32,311.01,1486.4,27.27,104.4,0
299.36,309.37,1534.2,32.44,3.4,0
300.43,309.6,1348.1,44.4,181.5,0
297.74,309.52,1216.5,32.44,74.0,0
299.41,310.05,1563.5,22.26,6.9,0
302.68,314.13,1280.0,53.09,210.2,0
300.78,310.27,1256.1,47.59,13.0,0
298.56,309.11,1399.1,35.47,12.9,0
298.98,307.57,1561.9,45.43,42.0,0
298.59,311.06,1556.7,29.91,211.5,0
298.0,308.17,1521.5,26.27,93.6,0
300.99,311.37,1479.0,35.56,89.4,0
302.33,312.13,1714.0,36.67,124.1,0
299.46,309.69,1533.1,12.19,3.6,1
297.62,307.81,1274.7,49.57,238.0,0
300.87,310.43,1145.8,26.53,106.6,1
300.07,309.91,1562.7,29.7,238.6,0
299.9,310.5,1527.2,36.32,175.3,0
300.58,310.42,1372.4,38.7,182.3,0
298.57,308.67,1364.2,50.99,92.6,0
300.01,309.7,1042.2,31.0,152.5,1
298.94,309.52,1345.6,39.24,29.6,0
296.88,306.29,1130.4,39.55,86.9,0
300.07,307.62,1758.4,44.38,103.0,0
299.35,310.25,1405.7,32.57,35.0,0
301.35,313.3,1831.0,55.49,37.0,1
299.5,308.44,1530.8,26.29,176.8,0
303.0,312.78,1259.8,27.35,20.4,0
296.81,307.46,1511.9,32.57,70.4,0
297.92,306.64,1455.1,40.17,208.2,0
299.11,309.53,1683.3,45.01,171.4,0
299.6,309.31,1640.5,28.79,92.9,0
300.01,310.3,1378.3,52.49,8.0,0
297.25,306.13,1536.8,55.81,120.7,0
301.72,312.82,1545.0,59.24,211.5,1
302.5,310.95,1569.6,24.04,123.5,0
299.56,308.58,1354.0,41.33,217.2,1
299.31,309.82,1489.7,62.29,229.3,1
296.64,307.46,1555.0,51.99,86.8,0
302.49,313.04,1557.1,55.29,132.6,1
303.03,313.18,1511.5,22.06,160.7,1
300.15,311.49,1619.8,48.81,120.6,0
297.84,306.11,1470.1,22.03,136.3,1
297.63,308.23,1396.0,39.47,212.8,0
305.86,317.04,1406.7,52.08,31.9,0
298.41,308.51,1407.0,41.7,90.4,0
300.84,310.94,1467.9,26.61,179.4,0
298.88,309.4,1456.5,61.54,199.6,1
298.41,307.33,1568.8,46.25,136.3,0
304.35,316.0,1763.1,38.65,120.0,0
297.13,308.29,1718.3,35.52,236.0,0
299.37,309.34,1139.4,29.3,40.3,1
302.67,313.94,1629.6,40.68,213.4,0
299.29,308.37,1418.7,41.99,218.4,0
297.98,306.88,1197.4,33.57,115.4,0
299.77,309.87,1630.3,44.2,89.4,0
300.48,309.69,1614.4,36.36,132.7,0
302.61,311.98,1452.0,36.73,122.5,0
302.2,312.54,1235.9,47.93,205.5,0
300.58,311.39,1660.2,30.08,199.7,0
300.13,309.87,1598.5,56.33,4.1,1
301.04,310.16,1571.3,48.76,195.7,0
304.63,313.77,1335.9,34.35,17.9,0
303.03,313.22,1056.2,50.5,160.4,0
299.22,309.43,1759.0,41.18,219.9,0
300.74,310.97,1806.5,13.43,54.0,1
299.27,311.05,1419.9,38.81,147.4,0
302.36,311.73,1528.5,28.85,125.5,0
303.43,313.59,1512.2,29.42,131.6,0
299.7,310.23,1272.3,37.23,149.2,0
301.47,312.62,1548.0,28.04,129.6,0
297.74,307.31,1440.4,36.23,127.0,0
298.82,307.52,1513.8,36.19,7.4,0
300.69,309.69,1273.8,54.61,136.6,0
300.35,310.22,1422.5,37.08,226.4,0
302.49,311.34,1279.3,55.11,151.5,0
296.66,305.78,1512.0,41.59,234.7,0
304.79,314.88,1637.9,34.23,33.4,0
301.99,312.48,1419.9,47.46,229.8,0
296.98,307.4,1453.3,35.21,71.2,0
297.19,306.14,1721.1,48.53,200.3,0
299.48,310.82,1142.8,27.01,104.6,1
300.49,310.98,1652.1,36.84,141.0,0
296.53,307.1,1793.0,25.02,63.4,0
299.82,309.04,1726.5,53.72,83.2,1
299.37,310.48,1580.3,32.46,187.1,0
302.71,314.09,1718.8,54.99,88.1,1
301.53,310.15,1791.2,41.84,15.2,0
296.33,307.68,1648.5,33.88,228.2,0
300.26,310.78,1616.8,30.79,42.6,0
301.33,312.42,1364.4,54.1,189.0,0
300.86,310.87,1069.5,36.95,196.0,0
301.25,312.64,1472.6,32.74,32.7,0
298.26,308.74,1874.2,30.84,190.8,0
298.4,309.22,1656.2,43.37,135.0,0
298.44,306.13,1697.5,47.1,233.9,0
302.32,310.59,1756.4,51.66,20.7,1
300.32,310.7,1716.7,28.71,54.6,0
301.45,309.83,1720.7,44.26,47.9,0
300.75,310.83,1358.5,43.69,3.5,0
301.48,311.27,1336.7,11.68,20.8,1
296.49,306.44,1351.7,36.63,70.3,0
300.41,309.9,1315.6,35.38,142.3,0
296.41,305.52,1418.6,42.79,61.7,0
303.28,312.82,1249.8,48.41,230.2,0
298.9,308.85,1178.9,42.92,194.6,0
303.74,314.81,1489.4,36.22,61.9,0
301.79,312.05,1270.9,34.82,53.2,0
300.92,311.95,1361.4,65.45,188.1,1
299.71,308.65,1132.6,36.9,58.1,0
300.79,310.38,1319.6,38.09,65.5,0
299.46,309.38,1393.3,42.82,131.5,0
306.7,316.48,1822.3,25.37,120.8,0
294.99,304.22,1446.4,46.55,221.1,0
297.35,305.93,1418.6,43.04,11.4,0
298.91,309.85,1363.9,42.76,12.0,0
298.23,309.3,1397.2,47.61,95.3,0
300.35,310.96,1609.3,28.02,129.8,0
298.3,309.78,1664.1,47.27,168.0,0
299.64,308.17,1194.5,27.65,23.9,1
300.8,311.03,1577.5,16.57,22.7,1
300.39,310.37,1428.7,47.36,226.2,0
302.94,313.46,1519.4,41.91,172.1,0
298.99,309.52,1672.0,18.86,167.7,1
301.08,311.39,1574.8,40.02,32.5,0
298.4,308.73,1563.3,27.57,209.3,0
301.14,312.01,1654.3,19.29,18.9,1
301.07,311.52,1478.2,33.76,210.8,1
298.28,307.02,1484.6,54.15,148.2,0
301.6,311.76,1701.6,36.81,183.6,0
298.9,307.05,1278.2,42.86,223.4,1
298.39,307.88,1628.3,41.27,180.2,0
300.26,310.32,1146.8,55.69,149.3,0
303.38,313.06,1774.7,41.17,139.0,0
301.85,311.87,1841.5,32.17,102.8,0
296.9,306.84,1504.3,36.36,130.3,0
296.93,305.36,2027.8,31.56,80.8,0
296.84,305.44,1664.4,37.64,182.4,0
300.08,311.05,1407.5,37.7,86.7,0
300.63,310.78,1727.6,37.07,138.6,0
298.76,307.97,1140.9,49.62,197.8,0
302.35,312.8,1457.9,28.85,10.6,0
299.5,308.8,1359.3,41.04,163.3,0
298.96,306.51,1377.4,28.93,69.4,1
295.51,304.26,1409.1,45.05,0.7,0
298.06,308.12,1560.8,35.23,78.7,0
300.57,311.96,1533.1,36.57,51.0,0
298.88,309.41,1592.3,36.22,25.4,0
298.76,308.61,1607.3,42.41,227.3,0
302.08,313.5,1374.3,58.41,16.7,0
299.96,309.71,1870.3,45.26,101.2,0
299.17,308.33,1805.8,40.6,129.8,0
302.05,311.43,1504.6,45.73,216.7,0
298.9,309.34,1770.6,57.29,67.6,1
297.81,305.55,1676.3,34.9,181.0,0
302.55,312.52,1695.9,38.77,205.7,1
302.29,312.99,1342.8,34.18,40.2,0
304.74,315.45,1516.4,54.88,211.8,0
300.83,310.46,1350.5,48.84,18.7,0
297.83,308.09,1739.4,42.08,0.3,0
299.18,309.33,1440.2,44.93,171.3,0
298.8,308.6,1089.0,50.49,23.8,0
300.9,309.36,1580.0,48.2,218.5,0
295.66,305.35,1453.4,24.99,135.7,0
296.85,307.55,1376.0,39.86,89.1,0
299.22,309.09,1367.6,35.42,179.9,0
299.17,308.12,1477.2,35.74,133.4,0
300.62,310.71,1663.8,39.57,56.7,0
296.45,306.05,1400.2,35.76,131.4,0
296.61,308.3,1262.6,39.29,215.8,1
299.17,311.69,1477.7,43.07,23.0,0
298.79,308.74,1502.7,34.05,13.0,0
297.38,306.94,1254.5,36.8,201.3,0
299.39,308.89,1498.2,48.06,116.9,0
299.75,310.43,1702.7,52.25,126.0,1
301.61,312.28,1662.8,37.28,144.6,0
300.09,310.23,1677.1,50.03,3.1,0
301.33,311.48,1902.1,47.37,167.0,1
300.21,310.73,1456.4,28.51,204.1,0
301.06,310.53,1489.5,37.15,186.4,0
300.6,310.92,1471.4,42.67,60.8,0
300.99,312.42,1575.0,31.81,190.3,0
300.45,312.31,1337.3,42.51,216.7,0
298.96,308.84,1535.0,40.93,38.9,0
298.31,307.71,1703.7,29.83,178.2,0
298.09,308.27,1222.0,27.53,38.2,0
299.99,308.76,1731.0,51.95,63.3,1
301.8,310.42,1529.0,36.65,92.9,0
301.36,312.46,1538.5,33.61,28.4,0
297.65,307.75,1346.0,49.47,88.5,0
302.08,310.47,1667.1,33.9,180.8,0
301.52,310.9,1372.8,18.06,20.2,1
298.01,307.93,1401.2,46.49,68.9,0
300.13,309.37,1391.9,31.04,103.6,0
303.01,312.82,1407.9,36.05,53.9,0
299.77,309.84,1394.6,32.23,108.9,0
300.84,311.28,1746.7,55.48,28.2,1
299.68,310.22,1538.8,50.06,33.0,0
300.87,310.06,1343.3,27.27,64.0,0
301.75,312.98,1650.7,28.5,229.2,0
294.15,304.28,1737.6,35.75,177.6,0
301.02,310.78,1509.7,48.62,197.0,0
302.34,313.03,1442.2,32.87,48.2,0
299.22,309.85,1811.4,59.37,237.4,1
301.27,311.17,1458.8,42.57,127.6,0
300.24,311.01,1597.7,57.56,194.1,1
300.05,310.45,1676.9,23.25,127.0,0
298.39,308.93,1466.3,30.57,112.1,0
299.38,307.18,1368.9,36.92,79.4,1
297.45,307.83,1754.1,29.04,64.4,0
300.6,308.47,1213.0,21.75,86.5,1
300.12,311.08,1150.2,43.43,94.3,0
302.44,311.88,1039.2,39.55,15.3,0
300.42,311.2,1645.1,44.37,88.8,0
295.74,305.26,1132.0,29.96,224.8,1
299.7,310.1,1334.2,54.18,143.0,0
297.9,310.03,1339.0,35.39,202.6,0
300.9,310.31,1015.5,48.15,32.8,0
297.85,309.02,1641.0,39.37,92.4,0
301.5,311.17,1946.1,39.64,156.2,0
298.69,308.31,1842.0,25.69,196.0,0
299.45,310.28,1396.3,54.84,13.4,0
298.71,308.42,1516.4,32.9,230.7,0
302.46,312.6,1464.2,35.3,225.6,1
300.97,310.7,1625.6,46.57,131.8,0
303.88,315.15,1479.8,45.72,87.1,0
301.59,311.44,1652.4,33.54,217.4,0
299.76,311.68,1341.2,27.78,11.7,0
297.13,307.16,1634.4,52.37,195.8,0
302.42,312.61,1606.1,20.46,196.9,1
300.37,311.44,1274.0,43.82,96.1,0
299.42,310.0,1414.2,40.97,218.6,0
303.25,313.74,1398.3,22.51,195.3,1
300.66,310.51,1654.8,35.79,155.8,0
299.67,309.41,1602.1,40.91,205.5,0
301.19,311.81,1387.3,53.35,226.9,0
301.67,311.81,1770.7,36.9,29.6,0
302.96,312.13,1251.2,37.45,20.8,0
304.37,314.28,1538.1,46.3,149.4,0
299.31,309.78,1517.9,33.86,173.0,0
298.96,308.58,1447.3,20.53,188.2,1
298.23,309.55,1664.0,38.04,214.4,0
300.34,311.05,1625.4,52.48,185.0,0
297.1,307.65,1580.4,51.3,145.9,0
301.9,311.91,1227.0,42.53,214.7,1
300.28,309.58,1527.8,50.44,121.7,0
302.22,312.02,1547.8,41.73,234.3,0
301.05,312.31,1521.6,35.07,121.4,0
302.13,313.77,1439.8,43.1,117.9,0
300.51,310.89,1227.6,20.54,235.3,1
302.93,312.58,1422.8,35.31,21.5,0
301.87,310.72,1604.9,31.05,169.8,0
299.7,311.68,1537.7,28.78,77.8,0
300.02,309.49,1619.0,65.63,52.0,1
299.58,309.04,1886.2,33.37,122.0,0
297.78,306.52,1339.2,73.04,83.1,1
303.94,313.82,1238.2,33.59,159.6,0
298.43,306.61,1696.7,62.72,97.2,1
297.34,308.63,1081.3,18.72,50.7,1
297.61,305.83,1518.7,61.3,189.7,1
296.45,306.69,1737.5,45.88,127.6,0
299.59,311.09,1415.5,40.24,56.7,0
298.27,308.35,1773.7,20.84,185.3,0
298.99,308.26,1763.4,41.25,52.7,0
298.48,309.15,1795.1,46.18,159.4,0
300.49,312.35,1330.7,41.58,15.2,0
299.57,307.81,1651.3,42.44,136.5,0
301.43,309.19,1407.3,31.92,102.7,0
299.86,309.48,1131.5,30.95,82.1,0
299.67,309.75,1572.0,38.22,173.0,0
298.85,308.47,1402.2,51.35,85.9,0
300.91,311.95,1597.7,40.02,60.9,0
298.92,309.15,1750.2,41.31,156.5,0
302.66,313.58,1630.4,44.58,225.8,0
300.03,308.97,1672.8,36.65,127.7,0
298.77,307.95,1299.7,35.07,51.7,0
301.18,312.18,1426.9,40.41,144.5,0
300.14,309.61,1344.2,27.76,6.8,0
302.98,312.59,1717.0,37.21,114.0,0
298.21,307.95,1727.6,20.26,225.8,0
302.51,311.6,1467.8,44.62,22.0,0
300.22,309.33,1668.6,62.96,161.3,1
300.63,309.24,1538.7,44.69,11.0,0
300.55,310.81,1670.0,25.55,116.7,0
295.45,307.64,1316.7,35.74,221.2,0
299.98,309.93,1296.9,46.12,95.0,0
298.92,310.3,1332.7,44.01,137.4,0
296.22,304.97,1558.2,37.14,195.9,0
298.61,309.22,1482.8,37.56,205.9,0
298.45,308.97,1436.1,29.3,9.0,0
299.63,306.92,1271.3,34.5,231.1,1
302.19,313.09,1442.5,35.6,167.0,0
300.23,310.9,1417.8,27.38,172.6,0
300.8,311.64,1556.3,45.03,99.2,0
300.46,311.27,1851.6,38.46,147.4,0
302.41,311.71,1282.4,35.25,80.5,0
296.45,307.85,1335.2,45.5,71.6,0
299.25,309.93,1831.7,26.81,178.9,0
299.46,310.18,1843.9,49.43,146.9,1
296.37,307.77,1244.9,31.12,58.2,0
298.91,307.01,1468.2,50.81,54.3,0
303.0,311.61,1481.0,52.17,162.2,0
298.59,307.52,1534.2,42.48,78.8,0
297.61,308.27,1083.3,43.36,237.2,0
296.64,306.28,1147.8,37.23,64.7,0
300.0,310.47,1881.0,41.06,137.0,0
302.11,313.22,1654.0,47.56,10.4,0
298.01,309.91,1383.0,39.24,151.3,0
300.41,309.47,1264.6,42.27,206.2,0
300.02,310.32,1466.3,50.48,73.1,0
301.02,310.78,1321.5,31.7,197.5,0
302.06,313.33,1439.9,44.26,27.6,0
299.77,308.66,1726.7,24.48,126.9,0
298.92,308.56,1280.0,33.04,201.5,1
298.01,307.65,1640.8,18.77,146.3,1
301.46,311.19,1403.1,46.47,62.2,0
299.08,309.96,1610.2,43.6,130.1,0
297.13,308.64,1466.9,46.1,198.9,0
301.64,312.89,1734.0,54.88,46.8,1
298.77,308.94,1281.0,48.09,4.5,0
300.25,311.34,1312.7,34.33,166.4,0
300.63,309.68,1647.6,23.01,7.8,0
301.54,308.65,1335.0,27.19,215.3,1
299.36,311.0,1600.3,38.54,193.1,0
302.49,313.28,1123.6,41.67,15.5,0
299.46,312.62,1388.9,58.17,14.0,0
300.48,312.24,1721.6,19.1,39.2,1
301.09,309.83,1466.1,49.78,43.5,0
300.03,308.41,1507.4,23.14,47.8,0
304.28,316.66,1406.3,34.89,32.7,0
301.34,312.1,1625.2,39.63,210.7,0
300.29,311.04,1433.9,40.74,166.1,0
298.99,308.06,1097.4,46.3,2.6,0
300.68,310.24,1255.3,41.86,180.2,0
298.3,310.26,1636.2,42.81,88.8,0
304.47,315.29,1560.6,46.41,139.6,0
300.45,308.62,1520.9,42.13,65.0,0
303.08,312.21,1714.8,43.6,110.0,0
303.39,312.8,1617.4,23.37,220.1,0
298.86,309.03,1666.4,55.28,70.2,1
300.51,310.27,1613.3,25.28,219.9,0
301.65,310.9,1513.6,35.43,220.2,0
299.36,308.54,1494.4,44.72,188.8,0
296.79,305.61,1551.5,38.56,86.3,0
297.6,307.28,1591.4,37.23,162.6,0
298.74,308.08,1545.5,37.38,37.3,0
297.07,306.02,1263.4,32.24,92.5,0
300.08,309.27,1493.6,51.89,177.5,0
302.18,311.8,1362.5,32.15,184.7,0
301.14,311.44,1552.2,43.09,11.3,0
294.9,304.4,1768.5,44.03,235.8,0
301.16,309.62,1881.3,46.88,234.2,1
302.45,310.88,1224.4,41.47,191.5,1
302.46,311.9,1356.1,50.64,148.7,0
299.98,310.92,1260.6,30.57,215.4,0
301.0,311.37,1859.4,26.49,179.6,0
300.0,311.28,1515.6,41.89,205.7,0
300.94,311.35,1382.1,26.28,62.6,0
301.42,310.74,1880.3,34.31,177.6,0
302.49,312.5,1665.2,65.75,70.7,1
295.94,306.7,1711.2,41.37,124.5,0
297.37,307.3,1430.6,46.95,5.0,0
301.99,313.71,1367.7,33.61,121.8,0
298.39,309.51,1582.5,35.42,163.6,0
297.2,307.23,1649.0,34.28,152.3,0
301.23,313.58,1371.7,34.97,56.0,0
301.79,313.86,1183.9,42.88,38.4,0
299.27,309.72,1173.3,50.22,83.8,0
303.15,314.06,1674.9,50.86,137.4,0
301.03,310.78,1484.5,43.75,221.8,1
300.16,309.46,1591.2,47.13,181.8,0
299.39,308.42,1315.3,44.37,172.8,0
301.16,312.0,1633.6,25.81,159.4,0
300.57,310.49,1383.6,46.31,62.2,0
297.13,307.0,1422.8,38.57,49.1,0
302.28,313.19,1503.3,37.13,65.4,0
296.19,305.77,1470.2,34.39,196.5,0
303.37,314.35,1780.5,50.5,187.7,1
298.84,309.44,1305.5,22.31,170.7,1
296.08,305.6,1285.3,36.66,237.9,0
303.39,313.48,1623.5,45.66,133.5,0
301.61,311.92,1467.0,45.03,200.8,0
300.35,309.75,1860.0,30.29,119.5,0
298.52,307.65,1607.5,29.44,186.2,0
302.76,312.4,1427.9,59.81,179.7,0
300.16,309.66,1413.0,42.08,71.1,0
301.16,312.4,1457.8,29.56,34.8,0
301.13,311.42,1477.6,43.42,68.2,0
298.12,307.32,1525.0,35.31,175.9,0
304.12,313.27,1174.4,31.71,207.8,0
301.41,310.58,1583.8,30.91,146.3,0
301.6,311.48,1470.5,35.8,38.6,0
299.69,309.23,1441.3,38.95,210.0,0
303.03,313.23,1505.8,40.57,1.3,0
303.06,312.41,1385.6,38.4,95.0,0
300.12,310.06,1391.7,33.45,43.1,0
300.09,311.32,1526.7,55.66,224.5,0
301.09,311.97,1540.8,34.31,186.8,0
300.08,309.72,1288.0,43.74,103.7,0
301.48,309.97,1825.0,31.99,42.6,0
296.06,305.34,1656.7,32.03,214.3,0
301.0,310.55,1572.7,30.6,179.3,0
297.16,307.11,1844.0,22.78,219.1,0
300.14,309.52,1369.6,42.11,132.5,0
300.94,310.84,1615.2,38.91,159.3,0
300.34,309.69,1537.6,53.54,23.8,0
297.69,307.39,1664.1,38.31,44.8,0
299.74,308.13,1688.9,44.41,170.0,0
300.43,308.06,1941.2,43.06,115.7,0
297.82,308.77,1275.9,46.59,88.9,0
299.8,309.74,1680.1,32.62,24.1,0
299.11,308.46,1531.9,26.18,112.1,0
298.07,308.42,1293.6,42.9,26.6,0
302.05,311.85,1656.1,28.56,129.8,0
299.11,310.51,1617.8,53.5,237.8,1
301.16,311.97,1197.7,58.19,95.8,0
299.08,309.49,1661.0,30.46,22.6,0
299.4,310.0,1320.7,31.02,213.9,0
298.75,309.96,1379.6,27.62,2.2,0
298.42,308.71,1734.2,55.04,5.4,1
299.74,310.87,1517.3,29.74,141.7,0
300.72,310.71,1268.8,45.28,116.3,0
297.65,307.16,1372.7,35.17,163.1,0
299.94,310.87,1327.1,31.23,97.4,0
302.12,312.66,1605.4,22.98,203.3,0
298.39,308.59,1082.9,46.21,82.4,0
297.88,308.66,1530.7,35.56,91.4,0
300.41,309.19,1485.0,48.68,190.2,0
301.43,312.67,1627.2,20.83,78.4,0
301.81,313.48,1607.4,39.5,33.5,0
298.06,308.32,1439.4,53.15,14.7,0
300.67,310.14,1365.9,38.35,124.8,0
300.01,309.98,1668.4,30.91,45.6,0
299.71,309.46,1234.8,41.63,129.8,0
300.22,311.56,1163.8,43.11,178.4,0
301.45,312.02,1631.6,39.27,35.9,0
303.41,312.97,1548.2,38.42,51.1,0
298.63,307.19,1511.2,29.86,142.1,0
301.84,310.85,1479.4,38.52,232.4,0
299.32,310.55,1512.7,33.52,105.2,0
296.27,305.77,1691.1,39.37,136.7,0
297.71,307.69,1493.5,38.05,28.4,0
297.96,308.14,1470.0,37.92,27.1,0
300.0,308.94,1570.5,36.7,55.4,0
301.48,311.07,1593.8,38.97,142.9,0
302.22,312.53,1272.7,18.57,134.1,1
303.33,312.53,1392.8,46.01,9.3,0
302.18,313.53,1793.4,54.71,146.7,1
297.9,308.34,1424.3,49.65,42.8,0
301.17,310.93,1374.8,34.32,51.7,0
298.06,306.96,1459.2,40.91,119.7,0
298.03,308.15,1235.6,36.11,78.2,0
297.78,307.0,1462.6,44.0,197.8,0
300.16,310.87,1838.9,40.72,232.7,0
299.81,309.11,1669.9,56.25,215.9,1
299.89,308.89,1262.9,19.7,223.3,1
299.54,308.43,1727.9,33.36,152.0,0
298.86,308.99,1531.3,27.73,130.9,0
300.04,310.96,1383.6,53.53,133.0,0
301.26,312.43,1407.4,54.22,83.1,0
299.6,308.76,1088.0,55.33,78.6,0
299.43,309.74,1648.9,43.68,12.5,0
300.37,310.12,1471.5,44.12,107.6,0
299.2,310.26,1523.7,25.79,85.6,0
301.36,312.19,1208.0,37.02,175.7,0
302.69,313.83,1336.0,42.26,72.1,0
300.89,309.67,1546.5,47.85,216.3,0
298.84,309.84,1375.3,38.48,30.0,0
300.17,310.58,1564.2,25.15,57.5,0
297.24,305.48,1688.6,38.7,9.0,0
297.56,307.76,1680.7,59.72,16.4,1
300.63,309.53,1475.2,40.22,198.5,0
298.4,308.75,1605.2,42.43,106.8,0
299.39,310.23,1281.5,20.64,174.9,1
296.4,306.6,1416.9,39.66,135.5,0
301.64,312.3,1351.6,41.13,208.6,0
299.8,308.72,1422.3,44.11,194.2,0
299.38,309.19,1454.2,46.38,95.1,0
297.77,307.08,1694.0,30.93,103.2,0
301.8,311.64,1318.2,31.69,189.7,0
299.64,309.19,1275.9,37.44,115.1,0
297.82,307.24,1541.9,63.01,170.1,1
301.61,312.95,1321.1,37.43,125.3,0
301.01,310.67,1459.7,47.74,225.1,0
299.02,310.61,1717.8,31.32,173.8,0
298.14,307.61,1158.4,32.34,197.7,0
301.37,310.8,1458.5,31.03,124.8,0
303.1,312.55,1532.1,37.29,34.4,0
297.53,308.01,1470.8,26.39,215.3,1
301.96,310.39,1431.7,51.88,153.4,0
301.83,311.23,1526.7,40.84,78.8,0
298.53,308.12,1900.6,35.1,194.6,0
300.88,309.16,1557.4,51.27,209.7,0
298.11,308.88,1751.2,48.02,153.2,0
300.59,311.73,1504.4,20.56,27.4,1
301.31,311.68,1708.6,38.98,129.3,0
299.3,311.5,1166.3,30.34,5.4,0
300.81,309.41,1731.7,25.67,137.5,0
302.15,310.59,1277.7,44.42,88.9,1
302.38,313.97,1712.5,33.95,53.0,0
300.21,309.79,1574.3,32.38,121.1,0
300.02,308.34,1208.1,43.66,184.5,1
299.36,308.78,1483.2,38.22,178.7,0
301.07,311.58,1477.5,39.27,230.0,0
303.48,311.17,1408.5,53.49,75.6,0
302.32,313.43,1560.6,40.92,127.5,0
301.65,310.06,1676.2,27.48,10.3,0
298.07,309.89,1413.0,55.08,49.6,0
301.66,312.05,1396.8,23.37,119.1,1
298.53,309.23,1562.8,37.94,165.6,0
297.3,307.22,1387.9,37.15,58.1,0
297.71,306.65,1342.0,31.04,234.1,1
301.15,310.26,1199.3,58.54,108.1,0
300.07,311.52,1713.9,25.78,57.5,0
298.72,308.77,1289.5,56.81,24.3,0
299.5,310.47,1477.0,37.34,32.2,0
298.52,308.48,1301.8,40.96,205.3,0
297.0,307.8,1487.4,40.67,219.4,0
298.07,307.94,1497.9,43.77,169.2,0
299.55,309.69,2036.4,63.07,110.8,1
302.69,312.24,1562.5,51.88,196.4,0
301.79,311.29,1452.1,67.08,231.2,1
298.78,307.68,1832.4,61.04,2.0,1
301.3,312.12,1129.8,50.93,122.2,0
302.27,313.12,1411.8,30.16,126.9,0
297.65,307.01,1612.9,18.02,138.1,1
299.46,309.32,1360.3,40.23,181.5,0
303.45,312.47,1306.7,29.03,0.9,0
301.1,312.15,1512.3,31.95,147.3,0
298.48,308.7,1305.1,63.05,26.9,0
298.99,307.17,1523.7,27.65,214.3,0
297.8,307.86,1528.5,38.66,232.3,1
305.62,314.9,1573.2,23.66,201.4,1
300.55,308.87,1649.8,41.87,50.0,0
297.57,307.54,1692.7,44.63,131.6,0
296.89,307.47,1624.0,38.31,56.2,0
297.2,308.15,1178.4,45.87,22.6,0
299.45,308.12,1436.9,36.59,228.4,0
301.87,310.06,1613.4,38.77,30.7,0
301.05,311.63,1525.5,42.46,62.9,0
299.31,308.8,1761.1,24.53,146.7,0
299.7,308.77,1478.8,40.29,181.9,0
300.62,310.76,1398.9,25.78,201.3,0
298.92,308.69,1283.6,52.61,201.6,0
302.14,312.56,1438.8,36.96,152.2,0
302.05,313.36,1306.1,36.95,141.0,0
299.79,308.66,1482.0,11.48,207.7,1
300.35,310.95,1685.8,45.52,71.7,0
301.02,311.67,1464.4,60.92,155.0,1
300.47,311.49,1763.3,51.78,12.4,1
300.7,311.62,1250.4,46.35,51.6,0
298.88,308.97,1276.4,49.1,40.8,0
301.05,310.82,1736.0,42.94,187.1,0
300.36,312.47,1416.7,42.77,137.1,0
301.66,314.04,1477.9,39.29,111.6,0
299.61,309.46,1610.8,44.23,80.0,0
301.54,309.06,1697.6,41.81,147.7,0
302.83,313.72,1692.6,42.36,38.5,0
301.93,312.72,1461.8,41.98,122.2,0
302.18,311.21,1384.7,40.18,6.0,0
300.78,310.0,1773.7,31.89,178.4,0
301.93,308.39,1583.5,43.88,193.9,0
302.21,311.96,1638.6,40.3,58.8,0
305.22,316.14,1638.1,24.96,70.4,0
300.98,308.88,1540.7,45.1,155.5,0
301.82,311.91,1552.7,52.99,181.3,0
302.04,313.3,1768.6,33.71,140.0,0
298.74,310.49,1560.4,29.17,43.3,0
298.99,308.53,1605.9,53.06,84.7,0
303.76,315.03,1428.3,40.75,111.7,0
301.33,309.88,1972.7,44.01,32.1,1
303.55,312.95,1358.0,49.65,26.9,0
300.92,311.03,1422.4,37.8,229.2,0
300.77,310.56,1576.6,28.28,97.1,0
300.08,309.26,1325.2,32.3,99.3,0
297.9,308.04,1866.0,20.62,161.9,0
301.56,312.36,1893.1,39.88,120.0,0
299.73,310.83,1796.1,42.46,105.2,0
296.99,304.7,1585.8,39.3,7.8,0
299.0,310.87,1631.6,47.84,10.5,0
297.31,308.24,1537.0,16.82,184.4,1
301.26,311.02,1273.1,29.84,30.7,0
300.58,311.42,1527.5,52.37,122.4,0
299.38,311.77,1602.3,41.42,53.8,0
302.01,311.79,1482.3,46.37,171.5,0
300.74,310.76,1648.7,54.28,118.0,1
301.05,310.84,1886.9,41.97,0.4,0
300.36,311.04,1532.0,40.72,124.6,0
300.01,310.84,1459.3,30.09,57.4,0
300.15,310.21,1266.8,38.68,186.8,0
301.02,311.02,1736.0,52.18,5.6,1
303.74,313.2,1274.9,51.1,150.7,0
300.47,309.98,1080.8,40.81,178.1,0
297.86,307.25,1542.4,24.06,177.6,0
298.54,307.87,1217.5,35.78,72.0,0
304.9,314.73,1838.2,32.94,131.4,0
298.47,308.57,1501.8,43.22,221.1,1
302.37,312.16,1445.3,33.07,28.5,0
303.12,314.2,1571.5,38.79,23.1,0
301.29,310.7,1379.8,29.16,88.7,0
299.86,311.04,1526.8,14.38,74.2,1
301.28,311.17,1478.6,59.37,2.9,1
298.85,309.52,1512.6,50.3,7.2,0
297.91,310.07,1393.2,35.26,139.7,0
298.86,306.95,1407.2,42.35,12.9,0
301.02,311.22,1711.2,29.15,194.4,0
299.33,308.13,1679.6,46.47,221.0,0
297.32,307.21,1550.6,13.9,35.8,1
300.85,310.5,1291.8,37.73,16.8,0
299.87,310.75,1584.9,45.42,219.1,0
300.61,311.42,1621.6,37.85,239.0,0
299.67,310.24,1756.2,49.63,228.1,1
298.76,309.86,1335.3,18.25,150.8,1
301.23,308.59,1480.6,41.57,159.7,0
300.77,310.46,1697.2,42.21,41.5,0
301.98,312.34,1575.2,40.62,134.8,0
297.81,307.65,1783.6,42.97,179.0,0
302.58,315.14,1704.6,51.68,222.1,1
299.39,309.81,1420.6,33.52,127.8,0
298.35,309.18,1228.7,47.16,53.9,0
301.67,309.74,1757.9,31.34,74.9,0
299.18,306.56,1461.6,45.88,34.6,0
294.49,305.58,1591.0,33.24,198.1,0
302.76,312.98,1489.5,41.02,119.8,0
299.89,308.49,1581.6,55.58,118.0,1
300.87,311.46,1324.1,36.25,117.9,0
298.97,309.3,1781.6,33.83,179.9,0
301.56,312.35,1672.3,37.07,236.8,0
301.79,310.51,1372.8,46.04,167.7,0
299.07,309.41,1853.2,60.9,229.5,1
293.47,304.72,1616.5,31.35,205.5,0
298.38,307.59,1627.6,27.08,138.8,0
298.78,308.05,1976.0,46.17,26.1,1
297.65,307.57,1348.4,40.88,34.9,0
300.37,312.36,1558.3,32.06,73.7,0
297.13,307.93,1425.3,43.98,26.5,0
303.02,313.94,1374.6,43.13,177.2,0
298.84,309.58,1401.4,37.22,232.8,0
299.73,310.53,1627.8,24.5,24.3,0
299.42,308.29,1576.3,51.91,127.5,0
299.86,309.88,1435.8,33.64,54.1,0
298.44,306.86,1140.4,39.94,193.5,1
299.6,308.39,1444.9,57.72,128.8,0
302.04,312.0,1523.1,38.57,203.2,1
301.27,311.24,1695.9,57.39,74.6,1
299.1,308.43,1537.2,33.92,207.2,0
298.59,309.09,1491.7,27.76,1.0,0
302.21,311.82,1735.1,49.55,209.4,1
301.34,311.29,1757.7,45.93,25.2,0
296.46,307.08,1215.4,24.6,11.9,1
301.36,311.79,1614.4,37.41,220.6,0
300.71,311.03,1389.8,24.58,141.5,0
297.16,307.46,1230.2,48.87,25.2,0
298.65,307.93,1773.2,32.54,225.6,0
297.52,306.4,1703.3,43.74,23.6,0
297.69,306.14,1280.8,25.99,78.9,1
299.82,309.92,1588.9,44.66,105.0,0
300.41,311.62,1489.5,37.94,221.4,0
298.29,306.59,1485.2,39.88,33.0,0
296.69,307.03,1456.0,29.04,226.9,0
303.02,313.28,1690.7,48.89,234.2,0
302.36,311.43,1673.8,30.83,237.1,0
298.99,309.02,1552.6,48.62,54.4,0
298.03,308.37,1752.1,23.76,1.7,0
300.75,309.55,1368.3,25.91,87.9,0
297.6,309.21,1469.0,39.99,156.3,0
299.19,308.46,1529.0,34.86,210.3,1
301.95,313.54,1461.2,41.77,238.4,0
300.21,308.95,1579.8,33.64,159.9,0
303.56,313.78,1430.2,31.45,104.9,0
299.45,308.75,1734.0,22.04,87.5,0
299.96,307.91,1599.6,46.86,176.6,0
302.24,310.44,1579.5,31.12,1.1,0
301.26,310.95,1171.1,61.0,229.2,0
300.45,308.35,1693.8,56.17,168.7,1
299.05,307.74,1657.1,30.19,69.3,0
301.45,310.52,1504.8,41.41,219.1,0
297.06,305.98,1561.5,31.97,54.9,0
301.15,311.92,1684.5,44.92,87.5,0
300.89,309.71,1386.1,45.36,171.1,0
300.09,311.57,1829.7,32.17,55.8,0
299.16,309.02,1347.0,56.46,211.3,0
298.45,308.46,1708.9,39.53,196.9,0
298.19,307.65,1652.9,37.77,59.2,0
298.28,309.69,1575.0,37.51,131.0,0
301.94,312.44,1173.8,40.83,32.2,0
297.15,306.22,1418.1,40.06,86.9,0
302.21,313.83,1304.7,26.97,194.9,0
298.61,308.78,1422.8,43.86,188.8,0
296.99,307.64,1808.9,39.0,101.5,0
298.93,309.06,1377.9,48.4,6.6,0
301.08,312.87,1333.8,42.13,193.3,0
300.07,308.93,1800.7,39.47,115.5,0
299.76,309.07,1346.4,40.72,54.8,0
301.28,311.34,1187.6,46.58,201.7,0
299.0,309.99,1524.1,42.9,135.0,0
298.3,309.79,1326.2,47.55,235.5,1
300.94,312.05,1482.9,42.91,100.0,0
300.0,310.14,1399.5,32.03,49.6,0
299.26,309.31,1562.2,34.14,81.2,0
299.24,306.66,1348.0,46.06,33.2,1
298.89,308.46,1216.7,37.1,200.6,0
297.52,308.35,1638.2,41.47,220.4,0
297.64,308.58,1623.6,53.77,187.2,1
300.27,309.51,1476.7,41.86,126.0,0
301.74,310.26,1266.7,42.11,178.1,1
301.72,311.48,1615.6,31.58,61.8,0
301.3,311.34,1411.9,32.67,108.1,0
299.8,308.63,1656.1,32.04,81.4,0
299.94,311.01,1748.8,47.26,6.6,0
301.19,310.12,1568.5,45.04,50.4,0
296.88,307.98,1382.4,41.88,14.3,0
302.15,314.29,1550.6,43.73,182.8,0
301.94,310.32,1378.5,30.56,145.6,1
300.93,310.84,1660.4,54.93,37.8,1
301.43,310.78,1416.9,58.48,97.0,0
299.52,309.44,1537.9,44.18,102.0,0
298.8,308.48,1570.2,35.07,7.1,0
300.88,311.81,1726.5,36.86,131.9,0
304.59,316.16,1472.5,54.99,64.5,0
300.34,310.03,1152.8,34.22,108.1,0
302.51,311.38,1787.3,31.43,19.3,0
301.93,311.43,1567.2,19.4,164.5,1
301.55,311.25,1536.7,46.06,200.4,0
301.69,311.2,1514.4,44.83,194.0,0
300.87,311.55,1031.1,49.64,219.8,0
300.45,311.72,1483.7,23.22,78.0,0
303.83,314.6,1314.8,30.84,236.8,0
299.56,308.89,1425.7,36.81,168.2,0
302.33,312.27,1425.7,38.92,214.8,0
298.59,309.19,1966.9,48.03,135.2,1
299.07,309.29,1329.8,44.42,94.8,0
299.4,309.94,1648.9,30.38,72.9,0
302.64,312.45,1472.3,56.55,140.7,0
303.17,313.4,1273.9,39.55,72.3,0
303.32,313.35,1801.0,39.34,203.2,0
300.28,310.32,1481.6,35.44,230.4,1
299.0,308.66,1552.9,18.55,186.4,1
303.89,313.18,1503.4,42.57,62.2,0
299.52,309.4,1559.9,61.14,83.6,1
300.48,311.12,1609.0,40.25,85.8,0
303.52,313.98,1770.3,29.91,82.6,0
300.97,310.89,1596.6,35.25,81.0,0
298.49,309.89,1603.0,35.7,97.2,0
297.46,307.43,1242.2,34.3,50.0,0
301.2,312.82,1537.7,45.57,204.0,0
301.09,311.99,1723.3,40.56,83.2,0
299.95,308.71,1443.7,35.96,199.6,0
300.8,309.18,1812.2,51.08,13.8,1
300.63,308.99,1192.9,53.61,146.8,1
296.31,304.69,1599.0,45.03,119.1,0
300.73,311.82,1437.1,48.99,38.4,0
301.64,311.09,1201.4,28.68,153.8,0
296.06,305.19,1213.0,64.48,23.5,0
301.35,312.09,1615.3,43.32,115.6,0
300.23,311.24,1832.2,33.25,65.8,0
298.76,310.11,1098.2,38.78,60.4,0
303.47,314.78,1385.8,19.95,102.2,1
296.77,307.31,1731.0,42.15,38.0,0
299.87,308.64,1457.3,60.24,64.9,1
301.13,312.59,1754.7,45.89,206.4,0
299.34,310.06,1481.4,34.62,139.7,0
301.16,311.61,1617.9,29.86,106.0,0
301.93,311.38,1628.9,48.62,233.7,0
299.78,307.8,1545.5,43.64,130.9,0
299.6,308.86,1547.0,31.59,223.6,0
297.25,306.37,1649.9,38.36,130.3,0
297.88,307.93,1274.6,25.97,47.6,1
300.37,311.08,1615.5,51.7,134.0,0
298.85,309.6,1454.3,37.69,81.7,0
299.38,307.93,1639.8,38.01,212.0,0
296.5,306.46,1479.5,27.76,199.1,0
294.82,304.13,1417.1,49.68,190.5,0
302.33,313.65,1713.0,41.34,95.5,0
301.87,312.81,1575.4,47.43,52.0,0
300.77,308.77,1494.0,35.93,140.5,0
300.58,311.09,1567.8,48.49,181.2,0
298.18,307.99,1619.1,17.65,97.4,1
300.26,307.26,1284.2,44.13,45.3,1
300.27,308.21,1452.3,36.54,227.0,0
300.04,310.84,1445.2,52.69,142.6,0
300.65,309.32,1398.8,31.71,199.6,0
298.99,309.18,1387.2,44.64,199.5,0
297.9,309.5,1665.8,37.81,46.6,0
303.47,314.24,1478.9,38.45,55.6,0
302.92,313.66,1609.3,43.56,89.0,0
300.85,312.17,1600.5,46.29,111.3,0
302.29,312.98,1485.7,40.73,11.2,0
304.52,314.02,1628.7,49.05,8.9,0
298.36,308.95,1765.1,32.32,199.4,0
305.13,316.05,1623.0,32.75,52.4,0
295.33,304.95,1734.2,40.84,54.8,0
300.74,311.45,1784.1,50.04,158.2,1
301.87,310.7,1599.7,59.32,47.6,1
299.73,309.81,1730.1,34.64,67.9,0
301.78,312.37,1578.3,45.07,23.8,0
297.5,309.24,1406.1,61.6,47.2,1
300.98,312.0,1672.9,32.52,114.4,0
296.07,307.15,1849.1,43.91,50.0,0
299.99,310.82,1461.1,37.87,66.6,0
299.32,309.48,1422.9,48.05,122.8,0
293.42,304.69,1608.0,29.98,147.7,0
300.63,311.41,1652.7,58.86,68.9,1
300.33,311.17,1509.8,36.01,119.1,0
300.36,311.26,1561.9,22.5,120.2,0
298.82,309.31,937.9,25.24,39.7,1
302.42,311.2,1412.1,45.22,202.1,0
299.46,309.35,1458.0,34.3,123.8,0
299.84,309.06,1212.7,17.19,0.8,1
298.75,309.75,1304.7,57.78,115.6,0
301.16,310.95,1387.5,45.12,77.1,0
299.7,309.6,1570.7,27.4,52.9,0
298.48,308.32,1362.3,43.76,203.1,0
299.86,309.03,1067.2,46.89,125.4,0
299.64,310.73,1361.3,45.89,130.1,0
297.23,307.67,1728.6,23.87,61.5,0
298.07,308.65,1423.5,31.05,56.1,0
296.56,305.96,1565.5,39.18,158.2,0
300.63,310.34,1348.5,48.66,146.1,0
300.69,310.76,1108.7,46.64,40.1,0
300.16,310.04,1338.5,39.04,167.4,0
297.75,306.21,1388.2,45.47,56.7,0
296.48,307.57,1877.4,44.45,54.7,0
300.02,310.81,1308.8,45.43,50.7,0
297.71,308.58,1480.7,38.17,97.1,0
298.73,306.74,1804.7,55.94,43.9,1
300.84,311.78,1747.9,22.84,154.2,0
300.45,309.09,1526.1,29.13,155.3,0
298.73,309.02,1516.9,25.01,194.0,0
302.16,312.49,1551.7,49.94,73.1,0
301.19,309.77,1374.2,21.11,120.9,1
297.99,308.11,1492.0,31.31,238.6,0
302.95,313.15,1468.1,45.15,198.8,0
299.76,309.43,1361.8,29.72,183.6,0
300.23,308.98,1265.0,49.3,7.1,0
299.01,309.42,1563.4,41.43,183.1,0
295.48,304.28,1524.7,38.95,46.0,0
300.97,309.74,1522.5,28.14,147.8,0
298.8,307.66,1396.6,38.66,28.8,0
301.77,313.05,1801.3,36.34,185.4,0
300.09,310.52,1468.2,17.48,128.1,1
300.75,309.98,1485.7,50.16,70.1,0
303.12,313.42,1269.6,31.72,159.6,0
300.84,310.77,1559.8,15.07,72.6,1
302.71,312.62,1645.5,40.98,186.0,0
298.4,307.73,1673.6,41.64,43.1,0
297.25,306.01,1489.5,40.24,62.0,0
299.07,308.7,1630.8,39.97,219.0,0
299.39,311.12,1605.2,25.69,187.9,0
298.71,306.97,1757.3,47.32,26.8,0
296.1,306.45,1755.1,40.5,228.9,0
300.17,310.65,1663.6,31.79,207.3,0
300.82,310.6,1419.6,33.81,185.4,0
302.58,311.88,1713.4,31.53,22.4,0
304.74,314.76,1513.7,35.13,13.1,0
299.05,308.71,1463.9,37.84,211.2,0
297.52,307.42,1117.5,37.64,230.6,0
300.62,311.1,1719.9,60.83,132.1,1
298.01,306.61,1672.3,23.33,78.3,0
302.78,312.3,1600.9,40.68,121.8,0
298.4,307.96,1263.3,34.32,112.1,0
299.87,310.26,1317.1,37.4,142.2,0
302.06,312.94,1780.4,27.81,41.2,0
298.04,308.21,1546.5,40.25,32.0,0
302.79,312.94,1253.8,43.85,193.1,0
302.09,312.05,1325.8,21.71,67.3,1
300.71,312.48,1308.0,49.83,154.1,0
298.78,309.83,1589.8,29.62,1.4,0
301.41,312.88,1425.7,54.14,157.9,0
299.13,310.53,1370.6,47.29,4.5,0
303.85,315.07,1692.1,37.03,59.7,0
301.8,313.8,1334.0,35.67,195.9,0
299.57,308.84,1282.3,51.83,0.2,0
301.45,311.04,1431.8,43.77,183.6,0
299.78,309.51,1329.4,52.24,102.0,0
299.19,309.19,1310.4,37.8,88.1,0
302.82,312.28,1860.1,36.3,198.5,0
299.44,311.47,1398.7,39.65,84.5,0
299.55,308.48,1282.6,40.12,66.3,0
299.52,308.52,1958.0,39.85,55.4,0
301.97,312.21,1197.0,43.92,232.8,0
299.09,308.82,1297.0,33.66,116.3,0
303.55,312.45,1580.2,36.98,12.1,0
299.89,311.25,1417.8,43.93,98.6,0
299.78,309.68,1439.4,41.94,108.9,0
302.4,311.85,1668.5,58.93,90.5,1
304.36,314.16,1749.5,35.3,37.0,0
302.34,311.65,1716.4,36.21,51.7,0
300.03,308.4,1620.4,32.43,123.5,0
299.46,308.4,1653.9,60.57,104.1,1
299.52,310.23,1443.7,39.5,227.4,1
302.9,311.78,1599.2,43.78,126.7,0
301.26,312.84,1976.4,55.57,96.6,1
304.19,314.58,1485.9,43.09,234.9,0
301.02,310.78,1278.6,28.89,16.2,0
300.87,309.28,1313.7,23.38,209.0,1
298.71,308.44,1589.6,44.57,194.8,0
298.85,308.87,1351.5,30.58,31.8,0
297.91,307.23,1290.4,25.1,92.1,1
301.89,313.37,1590.2,38.01,218.1,0
302.84,312.57,1607.4,42.17,80.8,0
300.29,311.58,1311.1,41.03,146.1,0
300.87,309.54,1472.9,61.68,96.2,1
302.23,311.57,1808.4,37.48,221.1,1
305.8,316.43,1347.7,49.01,211.0,0
299.19,308.56,1680.4,35.68,98.0,0
301.97,312.69,1052.1,27.93,36.7,1
300.4,308.19,1305.9,26.63,203.9,1
300.06,312.43,1408.9,40.29,39.2,0
300.12,310.5,1590.9,53.8,75.8,0
299.74,309.83,1289.4,40.28,154.2,0
305.47,316.83,1424.6,45.8,20.7,0
297.38,306.71,1599.1,38.81,80.0,0
297.26,305.94,1443.5,37.79,47.6,0
298.63,308.7,1646.7,42.11,44.1,0
298.18,311.4,1469.2,50.78,132.0,0
301.59,311.59,1322.9,44.54,230.1,0
300.99,311.51,1906.1,38.07,212.4,0
298.27,308.43,1542.2,26.51,188.7,0
296.23,304.22,1366.2,21.87,234.0,1
298.28,305.88,1612.1,50.76,83.3,0
299.78,310.76,1548.7,39.51,195.3,0
298.25,307.91,1666.0,40.08,178.1,0
299.52,307.72,1352.6,57.13,62.5,1
299.45,308.09,1433.7,33.39,159.9,0
300.55,310.4,1296.6,40.58,12.1,0
301.5,311.55,1513.6,38.6,74.8,0
300.78,310.47,1494.3,41.9,182.7,0
297.2,306.13,1391.9,38.22,193.0,0
301.35,311.45,1271.9,51.51,184.1,0
299.96,309.68,1101.5,38.08,130.6,0
296.07,307.51,1308.4,28.9,5.1,0
297.65,308.07,1592.0,47.18,145.9,0
297.21,309.47,1296.1,50.36,170.2,0
300.36,311.01,1523.9,55.92,31.7,0
301.22,311.44,1651.4,39.23,204.0,0
299.34,309.32,1522.3,29.44,10.2,0
299.49,308.15,1028.7,42.81,143.2,0
302.92,313.3,1706.4,50.43,22.2,1
301.97,310.39,1155.5,19.82,207.8,1
301.22,313.09,1609.4,47.86,24.1,0
299.18,309.87,1470.5,42.64,39.1,0
298.96,309.34,1676.9,49.15,96.8,0
299.38,310.44,1283.9,12.85,35.2,1
298.95,310.2,1479.0,40.22,114.6,0
299.55,311.11,1416.9,55.42,230.1,0
295.87,305.45,1557.0,17.83,214.9,1
300.01,309.18,1491.4,21.4,137.4,1
299.66,308.36,1219.0,48.43,192.9,0
301.07,311.06,1386.4,44.15,168.7,0
295.98,304.94,1178.4,60.7,33.1,0
297.55,308.64,1470.0,45.0,116.7,0
297.95,307.58,1537.7,49.69,96.3,0
298.22,309.82,1458.9,41.81,95.0,0
299.76,309.81,1780.6,44.42,212.9,0
298.95,308.37,1725.6,40.63,29.0,0
301.69,310.66,1050.4,23.62,14.1,1
299.83,308.4,1560.4,44.22,146.0,0
298.38,309.67,1521.8,28.96,89.0,0
297.36,307.63,1510.3,44.84,155.8,0
300.77,311.69,1772.1,44.86,103.3,0
303.5,315.44,1307.7,54.94,118.3,0
299.51,310.36,1691.1,13.83,141.7,1
301.14,311.81,1491.8,14.36,67.6,1
299.61,310.48,1407.6,39.55,3.9,0
297.05,306.45,1362.5,34.79,84.1,0
301.0,313.02,1671.9,26.0,95.6,0
296.66,307.78,1275.5,31.28,35.9,0
297.66,307.71,1427.0,49.39,2.9,0
302.01,311.81,1628.7,22.23,74.3,0
298.07,308.58,1396.9,59.12,37.0,0
296.02,307.09,1618.5,40.67,191.9,0
302.19,312.65,1671.8,41.65,47.8,0
302.16,312.19,1390.3,27.18,21.6,0
299.11,309.12,1352.8,44.28,105.6,0
300.97,311.17,1497.5,43.95,58.9,0
299.0,309.96,1472.7,55.65,232.5,0
299.4,309.74,1604.7,25.74,237.0,0
303.02,313.56,1799.9,56.27,19.2,1
298.48,307.53,1338.8,35.39,231.5,1
301.17,310.34,1535.3,48.73,212.4,0
300.6,311.43,1389.9,35.11,160.9,0
297.56,307.87,1774.0,40.66,11.8,0
300.59,311.28,1495.0,28.6,113.8,0
299.7,308.46,1500.7,41.09,154.2,0
298.9,308.67,1347.5,33.56,58.1,0
301.37,313.08,1410.1,27.34,115.0,0
300.24,309.72,1172.5,32.06,69.4,0
303.9,314.4,1639.8,35.83,183.1,0
301.87,309.73,1658.5,33.24,148.2,0
298.93,308.57,1603.4,49.76,56.8,0
301.08,310.84,1434.3,20.23,156.4,1
301.41,311.62,1597.1,51.92,60.3,0
300.73,310.71,1403.9,35.18,191.6,0
298.34,308.25,1535.3,48.16,158.4,0
298.07,307.32,1518.7,39.13,161.4,0
299.14,309.91,1799.0,49.7,165.6,1
301.39,312.1,1667.4,34.49,104.7,0
298.97,307.67,1636.1,64.16,29.8,1
303.78,313.82,1625.0,11.94,51.2,1
301.94,313.36,1270.1,45.77,187.0,0
302.0,311.4,1376.3,41.43,225.4,0
299.53,308.0,1677.4,42.12,222.9,0
303.55,313.87,1730.1,40.28,12.6,0
299.62,309.8,1417.4,35.99,120.8,0
299.06,310.39,1789.0,49.47,153.7,1
300.43,309.62,1862.8,47.06,64.9,1
298.18,306.38,1200.8,42.82,121.5,1
298.12,308.58,1216.5,56.51,202.0,0
302.06,313.68,1505.6,50.18,193.2,0
299.02,308.22,1687.6,25.06,96.8,0
301.5,311.28,1441.3,42.02,137.7,0
299.71,311.05,1424.9,34.57,125.5,0
300.54,311.84,1534.2,25.04,179.7,0
301.66,310.33,1633.0,28.7,18.6,0
297.45,306.54,1284.5,45.89,148.9,0
299.31,310.11,1662.6,29.98,192.1,0
300.98,312.78,1530.3,29.42,52.0,0
300.96,311.48,1179.2,28.61,24.3,0
302.57,313.51,1139.2,28.02,128.1,1
298.29,307.1,1636.0,35.22,69.2,0
301.31,311.02,1777.8,41.58,43.8,0
296.87,307.37,1866.5,38.42,33.0,0
300.94,312.19,1107.5,35.69,225.4,0
302.13,310.09,1595.6,48.56,110.7,0
297.67,307.64,1678.2,25.87,126.3,0
300.88,310.6,1254.2,44.41,155.7,0
302.74,313.26,1646.8,38.58,93.1,0
302.94,313.41,1619.9,39.47,173.6,0
298.29,307.85,1397.2,55.58,138.0,0
296.07,305.61,1494.7,42.21,163.1,0
296.97,306.82,1333.7,30.93,191.2,0
301.06,312.47,1500.8,40.86,149.0,0
301.01,310.73,1428.3,43.09,201.5,0
301.52,310.81,1428.4,43.54,23.7,0
298.1,310.03,1469.9,24.91,97.5,0
299.59,310.75,1891.0,29.24,77.4,0
300.02,309.08,1417.5,40.19,231.9,0
299.81,309.86,1707.5,43.93,81.0,0
300.48,309.47,1405.7,38.97,164.0,0
298.71,309.52,1403.8,47.08,36.9,0
303.09,311.84,1480.6,57.11,141.3,0
298.35,308.5,1716.4,55.24,48.4,1
295.66,305.26,1533.3,39.98,186.1,0
301.92,310.33,1695.8,28.01,108.6,0
301.98,311.71,1740.9,43.94,194.4,0
299.5,311.71,1315.3,39.18,41.6,0
300.53,309.67,1736.1,44.13,128.3,0
302.69,312.95,1707.8,28.11,51.0,0
299.85,309.71,1532.4,25.86,197.7,0
297.72,307.9,1687.1,24.63,138.2,0
296.18,306.34,1446.3,44.93,64.5,0
300.5,311.46,1496.3,41.62,76.3,0
301.31,311.49,1503.9,30.26,165.9,0
299.27,310.41,1733.6,38.66,119.6,0
299.09,308.55,1499.7,41.95,80.8,0
301.6,310.11,1753.1,44.1,103.7,0
301.36,312.57,1466.8,54.39,194.1,0
301.4,311.6,1834.5,51.8,144.1,1
300.14,309.24,1434.5,58.85,4.2,0
300.62,311.43,1578.4,41.14,178.6,0
298.85,307.88,1304.3,37.74,146.3,0
300.94,310.8,1422.0,51.2,102.1,0
299.52,311.7,1395.2,39.16,0.9,0
296.82,306.6,1583.9,32.56,153.9,0
302.17,311.07,1549.9,32.45,136.9,0
301.56,312.77,1590.4,66.14,103.0,1
299.84,308.9,1227.5,35.22,181.6,0
301.05,311.95,1090.1,42.79,50.3,0
301.27,310.39,1445.0,30.64,43.6,0
297.53,306.74,1329.4,28.21,89.2,0
302.44,312.3,1740.1,29.45,112.5,0
298.33,308.33,1606.7,47.81,86.8,0
299.07,309.8,1326.9,30.64,5.6,0
298.99,309.27,1693.3,51.95,52.8,1
297.84,308.02,1263.2,39.79,235.4,1
300.42,311.91,1456.4,38.8,195.0,0
300.17,309.12,1663.8,21.84,171.5,0
298.48,307.7,1391.5,28.85,194.4,0
302.63,312.5,1480.1,36.34,189.9,0
298.47,308.88,1564.5,51.66,237.3,1
297.31,306.92,1691.4,42.72,50.4,0
298.14,308.06,1693.0,44.62,13.9,0
298.32,307.85,1804.1,38.68,150.5,0
301.85,313.48,1534.9,47.58,122.8,0
297.93,308.58,1793.3,20.62,164.5,0
299.08,309.42,1273.6,31.6,43.3,0
303.23,312.54,1296.6,31.5,80.1,0
303.49,314.57,1400.1,38.32,136.1,0
300.59,309.41,1300.7,49.52,183.0,0
298.93,308.89,1593.5,26.5,117.2,0
301.71,311.21,1530.6,14.08,8.8,1
301.62,312.37,1639.3,48.45,35.2,0
298.14,307.81,1397.8,35.5,66.0,0
299.2,307.78,1655.1,28.07,145.8,0
299.41,309.5,1487.8,37.07,117.8,0
297.33,307.67,1704.0,26.69,207.6,1
300.68,311.55,1195.2,45.96,106.1,0
299.78,308.08,1641.1,27.62,211.2,0
298.65,309.89,1371.4,24.48,105.6,0
301.56,311.03,1364.0,30.42,148.3,0
298.52,307.06,1218.0,38.36,67.2,1
301.84,312.11,1376.9,39.61,233.2,0
299.17,310.24,1883.4,47.13,24.6,1
300.83,311.42,1405.1,32.92,11.8,0
295.05,306.83,1691.0,49.22,94.5,0
302.26,311.77,1544.4,41.25,153.3,0
301.58,310.82,1443.7,41.09,211.8,0
303.56,313.26,1382.3,33.25,123.0,0
299.54,312.27,1366.1,36.24,219.6,1
300.89,309.94,1776.3,20.52,195.5,0
301.28,311.56,1604.6,46.57,52.5,0
297.05,307.06,1614.3,33.12,226.8,0
299.68,309.11,1726.1,32.03,159.0,0
300.25,311.44,1801.5,35.89,50.0,0
302.51,312.81,1695.5,46.77,221.2,0
295.85,303.26,1516.2,46.14,21.7,0
301.99,310.7,1650.8,43.88,177.3,0
297.43,307.12,1511.6,37.89,112.0,0
300.44,311.24,1348.2,47.5,61.1,0
300.45,310.91,1489.7,26.98,130.7,0
297.35,305.52,1205.2,41.33,221.6,1
298.08,308.57,1273.0,60.82,215.4,0
298.96,308.09,1254.4,35.39,226.3,1
302.86,313.88,1455.7,47.6,115.1,0
299.78,309.45,1220.7,30.04,48.8,0
297.82,307.91,2093.4,45.4,142.0,1
299.8,309.29,1279.9,48.3,239.3,1
300.06,309.82,1766.6,60.81,152.3,1
303.26,312.94,1269.0,33.45,92.3,0
300.42,309.97,1644.3,33.43,108.6,0
302.37,313.53,1685.7,39.35,228.6,0
303.31,313.28,1625.1,35.9,194.7,0
300.95,310.7,1554.9,35.75,163.2,0
301.57,311.47,1456.5,38.5,215.9,0
298.06,308.46,1534.4,50.28,85.9,0
299.95,309.51,1663.4,29.6,78.6,0
298.94,308.33,1381.5,44.56,6.5,0
300.77,311.41,1540.8,37.2,73.0,0
298.5,309.08,1572.8,36.28,194.2,0
300.38,309.94,1344.5,47.74,30.8,0
300.51,311.78,1534.1,30.8,217.1,0
298.63,308.04,1408.4,37.09,43.8,0
299.23,308.34,1741.0,27.55,71.7,0
301.34,311.53,1701.0,26.21,195.4,0
297.61,310.01,1492.8,30.98,15.3,0
299.76,309.09,1936.6,29.83,187.1,0
301.37,311.02,1303.6,36.51,43.3,0
301.22,310.84,1702.5,40.06,57.9,0
300.16,310.92,1387.2,47.46,177.3,0
302.64,313.4,1410.8,58.14,35.7,0
301.3,311.73,1539.4,29.15,124.1,0
298.52,308.05,1838.1,47.92,1.9,1
301.76,311.84,1508.1,51.69,104.5,0
301.09,311.46,1396.3,22.88,120.5,1
302.98,313.57,1045.7,34.21,20.6,0
300.23,310.63,1555.2,42.0,54.9,0
297.95,308.07,1205.6,22.29,3.5,1
300.24,309.86,1447.2,40.83,161.1,0
298.8,308.16,1449.0,48.5,109.0,0
302.71,313.18,1492.9,39.45,207.3,1
299.17,308.55,1525.1,36.39,226.1,0
299.99,309.83,1612.5,41.32,13.0,0
302.06,311.79,1367.4,52.41,226.2,1
301.77,311.88,1553.2,34.7,177.8,0
302.9,313.9,1681.9,41.75,8.8,0
299.39,310.1,1483.3,27.11,4.6,0
302.02,311.91,1595.5,35.77,177.6,0
300.69,311.11,1532.5,42.09,237.9,0
301.05,310.97,1471.5,37.33,90.7,0
299.5,309.13,1371.2,28.2,11.1,0
303.0,313.77,1494.2,48.55,53.7,0
301.16,311.59,1552.2,45.63,90.9,0
303.52,313.22,1659.3,53.63,61.0,1
301.02,310.12,1480.6,45.08,73.0,0
298.32,308.32,1582.4,27.07,102.8,0
301.56,311.58,1309.9,39.2,64.2,0
299.91,308.29,1353.6,35.3,104.9,1
297.15,307.58,1244.5,25.79,58.2,1
298.67,307.59,1420.5,35.58,113.3,0
300.23,311.24,1524.8,31.08,42.6,0
296.22,307.91,1388.5,46.52,203.3,0
300.18,309.19,1673.6,54.72,209.4,1
298.48,307.77,1456.1,47.49,187.9,0
298.97,309.52,1662.3,27.42,38.2,0
302.5,311.3,1887.6,32.85,94.5,0
299.44,307.98,1378.6,50.92,167.7,1
299.36,308.39,1527.7,19.44,138.4,1
302.53,311.46,1568.6,45.54,218.6,0
296.54,308.01,1549.1,43.79,114.0,0
301.22,312.14,1242.5,21.59,228.2,1
298.64,308.43,1442.6,63.52,68.8,1
297.75,307.4,1258.5,46.4,6.3,0
300.43,309.45,1353.5,38.0,112.9,0
298.22,307.16,1503.9,23.13,189.0,0
300.8,311.01,1672.3,28.49,120.0,0
303.43,314.7,1381.4,39.37,110.9,0
300.43,310.47,1570.8,29.37,91.1,0
298.81,308.92,1507.8,39.21,22.9,0
297.95,307.71,1272.8,41.44,170.8,0
298.97,308.78,1473.3,27.02,28.3,0
305.51,315.15,1404.5,43.95,184.4,0
300.44,309.38,1604.1,53.12,201.2,0
302.83,312.75,1285.6,50.03,82.7,0
296.3,307.55,1531.2,44.48,33.3,0
303.6,312.76,1172.6,28.68,2.7,0
297.94,308.74,1234.0,39.48,238.4,0
298.05,306.84,1388.8,45.56,110.4,0
298.41,307.66,1413.0,30.9,213.4,0
298.72,309.91,1940.2,45.12,25.8,1
297.98,309.37,1679.6,41.74,172.4,0
298.55,308.22,1237.8,31.37,19.5,0
300.24,311.03,1471.9,51.27,159.8,0
301.46,310.19,1576.2,54.61,128.0,1
300.49,310.67,1203.6,33.08,63.7,0
299.33,306.86,1638.8,31.25,52.0,0
301.36,311.7,1419.0,38.71,2.5,0
299.4,310.83,1277.7,32.13,185.2,0
301.65,311.9,1586.0,36.48,218.8,0
296.18,305.4,1748.0,21.82,97.0,0
299.5,309.43,1859.0,35.52,144.5,0
300.02,310.58,1796.1,35.2,61.9,0
303.7,312.27,1454.8,47.36,37.4,0
301.63,311.95,1557.1,41.61,114.7,0
300.9,310.86,1715.5,20.42,23.9,0
301.72,311.25,1777.6,48.46,23.7,1
299.75,309.34,1378.7,40.19,32.5,0
299.27,308.0,1372.6,58.06,3.9,0
302.87,314.51,1491.9,39.19,233.0,0
300.28,309.87,1580.4,42.91,128.1,0
301.0,310.32,1635.4,48.72,167.3,0
300.39,309.04,1701.1,37.85,122.4,0
298.33,308.38,1278.8,45.91,57.3,0
300.2,309.8,1684.2,34.2,147.5,0
304.47,316.35,1670.1,49.11,68.7,0
300.0,310.57,1286.5,56.69,18.3,0
300.35,312.59,1511.8,43.18,143.2,0
297.31,307.91,1359.4,46.58,60.8,0
299.32,309.82,1365.5,55.09,119.2,0
299.7,310.07,1609.9,47.28,116.8,0
301.68,309.5,1279.8,42.61,169.1,1
299.6,310.81,1660.0,34.34,145.1,0
294.34,304.22,1085.6,23.74,7.4,1
304.79,316.67,1450.0,31.31,108.3,0
304.14,313.31,1544.5,49.19,121.2,0
302.96,311.68,1603.1,53.06,20.7,0
301.13,311.98,1511.2,30.55,88.1,0
299.77,311.8,1237.3,42.18,19.9,0
301.84,310.71,1447.4,58.88,1.2,0
300.99,309.91,1680.9,37.13,43.2,0
303.01,313.4,1192.3,46.15,210.5,0
297.63,306.23,1295.1,47.31,161.4,0
303.6,313.47,1578.5,43.18,33.8,0
298.8,308.91,1412.6,39.95,84.3,0
300.31,309.74,1529.5,52.57,43.4,0
298.47,308.19,1302.0,37.47,207.9,0
298.29,309.35,1462.1,38.56,65.5,0
303.24,313.64,1472.3,53.55,27.8,0
297.56,308.81,1381.1,17.5,83.3,1
303.85,314.21,1518.0,33.5,232.1,1
301.08,310.82,1350.0,29.52,221.6,0
301.49,311.14,1230.1,21.97,86.3,1
294.4,304.59,1336.4,33.5,57.7,0
301.73,312.63,1523.5,38.24,72.0,0
296.84,305.32,1462.2,31.31,72.3,0
296.93,305.61,1714.0,52.08,182.6,1
302.41,313.24,1445.9,52.38,192.0,0
299.02,311.04,1533.8,41.97,20.4,0
297.46,307.38,1470.4,38.64,53.3,0
296.85,309.19,1236.0,34.27,6.0,0
302.23,312.2,1423.3,37.47,35.0,0
300.52,311.97,1455.8,24.26,60.1,0
301.29,310.92,1455.3,26.76,3.3,0
301.0,309.83,1885.7,34.18,188.2,0
298.57,308.1,1525.7,27.54,66.8,0
297.1,306.35,1623.3,28.27,103.2,0
298.02,306.86,1434.2,44.46,145.9,0
299.67,309.62,1551.8,41.28,79.6,0
298.59,308.77,1506.7,30.37,214.5,0
299.1,310.09,1606.5,43.92,159.3,0
302.42,312.98,1406.3,38.24,52.8,0
301.61,311.71,1320.1,41.33,147.3,0
297.52,306.02,1456.8,48.12,185.7,0
295.62,305.64,1336.8,58.33,2.2,0
299.75,310.38,1485.3,18.51,41.8,1
299.94,310.03,1572.0,40.81,170.3,0
298.87,310.36,1265.1,60.0,95.6,0
301.93,312.71,1441.6,47.46,229.6,1
297.17,308.43,1338.0,36.23,38.9,0
301.12,312.06,1520.8,56.93,53.2,1
302.19,313.59,1432.8,32.59,43.5,0
300.14,310.55,1241.2,22.61,33.4,1
299.53,309.73,1835.1,42.38,145.2,0
296.62,307.98,1410.5,27.41,106.2,0
301.36,311.85,1554.3,44.56,31.4,0
299.34,310.31,1202.3,35.58,217.2,0
300.07,310.69,1296.4,47.57,114.0,0
300.2,310.19,1516.8,45.11,85.2,0
301.36,311.5,1626.9,28.74,120.0,0
298.88,310.53,1509.6,38.89,36.3,0
297.4,308.14,1725.0,43.95,154.3,0
300.66,312.01,1292.4,40.77,144.9,0
302.88,312.9,1596.0,52.08,82.0,0
300.91,311.24,1595.3,31.85,172.3,0
299.55,310.69,1328.1,39.15,232.8,0
299.62,308.32,1222.1,25.2,54.5,1
299.23,310.93,1428.5,12.75,32.8,1
300.5,313.05,1381.9,30.86,219.9,0
301.6,312.01,1427.8,55.77,201.1,0
300.2,309.71,1414.2,56.13,47.0,0
296.68,305.23,1734.9,32.83,233.8,0
298.14,308.65,1604.8,42.24,113.0,0
301.66,311.03,1722.7,52.38,38.4,1
302.66,313.46,1402.0,51.35,97.6,0
302.86,313.58,1589.1,41.96,16.6,0
301.72,312.47,1105.7,33.32,5.8,0
298.43,307.6,1353.9,43.97,32.5,0
300.74,311.83,1268.2,36.77,17.2,0
302.39,313.8,1353.5,39.14,123.0,0
296.22,307.35,1627.8,44.12,36.5,0
299.84,310.03,1793.3,42.99,108.9,0
297.74,309.61,1297.5,34.72,217.9,0
300.13,311.67,1537.1,47.48,82.7,0
298.72,307.73,1319.2,49.42,30.4,0
294.88,305.22,1480.9,35.45,158.2,0
300.91,312.36,1300.4,46.77,211.8,0
300.6,311.78,1579.2,41.17,65.9,0
302.53,311.2,1535.7,34.36,102.7,0
299.44,310.46,1745.0,24.72,209.2,0
300.79,309.7,1656.7,39.64,82.9,0
304.26,313.74,1159.4,41.31,161.4,0
298.69,310.23,1125.3,21.97,62.4,1
298.44,308.74,1403.5,42.69,195.4,0
297.23,306.49,1518.3,38.17,97.6,0
300.14,310.22,1418.9,42.73,136.2,0
298.85,309.94,1456.4,44.17,196.4,0
301.97,312.32,1637.4,47.77,100.3,0
297.31,307.38,1518.4,48.72,5.2,0
296.77,307.4,1482.9,60.46,208.0,1
298.49,308.1,1678.6,29.26,216.2,0
300.39,309.58,1272.7,40.52,205.7,1
298.99,307.45,1895.4,40.86,233.4,0
296.01,306.47,1248.0,54.25,69.9,0
298.76,307.84,1574.9,53.87,127.1,0
301.83,312.44,1315.9,18.04,236.4,1
300.1,311.18,1487.6,34.22,13.5,0
297.16,306.52,1383.6,54.53,94.7,0
297.38,308.33,1619.0,40.49,151.2,0
298.15,306.44,1569.0,22.24,102.3,0
300.75,310.76,1706.5,53.57,36.4,1
301.67,309.94,1722.8,29.93,124.3,0
298.42,308.4,1395.3,44.95,231.5,0
300.94,312.54,1325.5,45.11,138.3,0
303.5,313.75,1748.4,63.81,129.7,1
297.34,308.24,1320.1,28.2,91.5,0
301.71,310.56,1491.9,62.33,213.8,1
299.64,309.51,1900.1,37.95,67.2,0
299.86,309.54,1567.8,35.84,149.2,0
300.08,309.64,1384.7,37.28,12.0,0
297.6,305.88,1586.2,40.03,79.6,0
298.24,308.96,1551.1,28.03,165.8,0
299.82,309.48,1590.5,35.14,125.7,0
297.15,307.06,1493.4,37.33,61.3,0
301.48,311.82,1491.0,43.6,97.4,0
301.43,310.87,1368.8,22.52,45.8,1
299.38,309.03,1374.6,39.34,74.5,0
298.99,310.06,1582.2,53.23,2.9,0
302.13,311.56,1439.5,47.41,26.4,0
301.18,310.26,1493.9,44.36,222.5,0
302.7,311.56,1398.9,31.5,145.5,0
299.01,307.66,1579.5,54.92,104.6,1
301.89,312.64,1111.1,58.04,124.2,0
299.25,309.45,1196.3,31.89,92.5,0
297.98,309.26,1236.5,38.03,38.4,0
303.7,314.51,1431.2,20.36,79.9,1
301.35,311.26,1562.6,48.72,129.4,0
298.22,307.67,1404.7,42.11,88.7,0
299.02,309.58,1504.2,54.61,184.9,0
298.37,308.32,1298.7,49.5,22.6,0
302.57,311.7,1472.7,42.56,163.5,0
298.47,308.28,1297.7,45.7,145.1,0
300.96,312.73,1503.4,38.88,189.3,0
299.37,309.86,1551.8,34.42,180.9,0
297.68,308.23,1417.0,33.87,16.7,0
297.74,308.93,1646.5,43.3,209.9,0
299.71,310.16,1523.3,58.0,112.1,1
301.62,313.69,1273.6,37.17,113.3,0
302.9,311.64,1303.0,26.95,53.7,0
302.55,311.1,1804.1,34.53,112.6,0
304.29,313.11,1775.9,53.68,120.3,1
300.67,311.07,1471.3,25.55,221.2,0
300.13,309.78,1429.9,41.47,17.6,0
301.48,310.08,1478.9,46.45,162.0,0
295.82,305.97,1662.5,37.94,158.1,0
301.78,310.53,1308.4,43.68,181.8,0
301.77,310.26,1845.2,26.66,162.7,0
298.03,307.47,1298.3,51.04,104.3,0
300.28,309.27,1355.1,42.32,145.7,0
299.68,308.72,1572.4,34.79,187.0,0
302.75,312.89,1428.5,44.41,197.8,0
299.79,310.33,1375.5,26.53,87.5,0
300.53,309.16,1610.1,38.31,201.1,0
300.1,309.35,1479.0,38.85,5.1,0
299.2,308.13,1502.4,43.2,27.4,0
297.14,307.2,1796.0,54.37,78.9,1
299.97,309.52,1756.4,46.62,218.3,0
300.51,310.56,1312.1,47.45,172.3,0
298.13,306.44,1704.9,32.75,207.2,1
300.51,311.35,1215.6,39.25,86.0,0
302.13,311.3,1682.4,48.15,113.3,0
301.28,311.69,1518.1,61.26,121.3,1
297.58,308.32,1663.6,27.98,57.6,0
302.28,313.98,1990.7,57.69,118.8,1
301.88,313.0,1410.3,42.61,124.4,0
299.08,310.24,1467.2,60.89,216.4,1
298.95,308.96,1828.4,40.3,165.4,0
299.72,308.26,1677.8,41.3,11.9,0
298.89,310.45,1539.2,31.5,141.4,0
298.31,307.98,1525.8,45.37,210.6,0
298.13,306.81,1701.4,29.37,47.6,0
300.42,312.55,1721.8,21.87,91.5,0
299.12,307.28,1508.8,41.53,217.7,0
300.64,310.72,1603.2,27.97,15.8,0
299.08,309.25,1927.5,40.53,204.9,0
302.35,312.69,1629.6,39.2,167.8,0
299.68,310.57,1678.5,30.78,43.1,0
298.86,307.59,1550.9,62.49,169.5,1
298.61,307.84,1762.2,49.06,94.5,1
297.2,306.9,1172.5,38.64,33.7,0
301.85,312.93,1334.6,38.84,236.2,0
299.27,310.32,1455.0,32.72,109.9,0
301.85,311.87,1485.9,36.17,198.8,0
300.54,310.54,1367.9,50.26,50.9,0
300.28,309.54,1624.0,31.88,223.2,0
298.78,308.22,1647.1,49.82,237.0,0
301.34,312.15,1570.9,76.24,176.0,1
299.7,309.89,1475.2,29.89,116.6,0
296.02,306.28,1294.9,39.35,208.7,0
296.42,306.07,1585.4,62.37,103.8,1
297.08,306.84,1451.7,43.34,157.1,0
302.53,311.33,1716.0,59.3,41.3,1
301.14,312.02,1301.4,44.78,165.9,0
303.09,313.2,1588.0,53.51,20.6,0
297.08,308.21,1610.9,51.04,153.8,0
298.58,307.17,1506.5,39.93,69.9,0
296.86,305.95,1421.9,38.1,77.6,0
298.36,307.56,1591.5,47.22,144.8,0
298.32,308.34,1389.3,38.04,133.7,0
302.39,312.08,1332.7,60.73,220.4,1
299.12,310.79,1837.5,55.39,93.0,1
297.37,307.51,1098.7,29.22,33.4,1
303.84,313.31,1612.6,33.12,22.3,0
299.2,309.12,1872.6,58.05,126.1,1
303.94,314.44,1465.5,42.29,172.4,0
300.64,311.37,1467.6,33.94,227.5,0
301.42,310.82,1444.0,40.74,55.9,0
301.1,311.16,1530.7,44.84,175.5,0
301.67,312.82,1697.2,44.64,200.5,0
299.59,310.88,1678.9,38.04,154.4,0
296.32,309.04,1684.4,56.61,97.9,1
300.25,310.74,1335.5,36.33,212.7,0
302.73,312.31,1596.6,40.67,62.8,0
300.92,311.79,1475.9,34.7,168.4,0
298.3,307.87,1186.5,43.37,152.4,0
303.09,313.03,1326.9,58.4,165.7,0
301.18,309.59,1352.5,62.73,230.6,1
297.1,308.05,1442.5,40.08,91.3,0
302.9,311.89,1400.9,46.49,225.5,0
299.64,309.96,1360.4,47.21,131.8,0
296.38,305.96,1277.4,56.17,47.7,0
299.98,309.19,1548.2,47.95,177.9,0
300.63,312.98,1363.2,50.03,103.0,0
301.11,311.99,1308.0,40.37,94.0,0
299.47,310.29,1702.3,56.37,194.7,1
297.6,307.81,1714.3,40.34,146.1,0
300.14,311.86,1318.9,26.07,146.4,0
300.74,312.58,1498.5,47.48,234.1,0
298.51,307.99,1335.3,37.92,183.2,0
300.44,309.59,2040.7,51.8,7.7,1
300.72,311.43,1215.2,43.7,2.0,0
298.43,308.64,1763.7,31.68,182.0,0
297.18,306.55,1122.7,47.27,117.6,0
303.36,315.44,1398.9,53.04,221.3,0
300.19,310.17,1459.9,39.08,101.2,0
296.8,309.5,1538.9,41.78,31.8,0
299.94,309.85,1538.9,39.9,44.4,0
298.4,308.07,1292.8,57.31,33.4,0
298.47,308.65,1391.3,26.34,55.8,0
300.38,311.53,1691.1,26.91,45.1,0
300.94,309.4,1580.5,43.27,157.6,0
298.58,308.21,1623.9,32.57,44.3,0
298.48,308.67,1172.9,33.92,91.3,0
301.21,312.57,1544.7,42.08,87.2,0
300.22,310.86,1463.5,30.94,70.2,0
301.49,311.27,1520.5,12.59,191.6,1
301.25,310.0,1362.6,35.51,18.8,0
297.71,305.76,1405.7,47.81,181.4,0
300.41,311.49,1800.4,43.32,32.6,0
301.5,313.28,1396.3,43.37,106.1,0
294.77,307.07,1548.8,43.29,76.2,0
294.92,305.31,1441.2,23.36,179.3,0
300.11,309.34,1741.9,49.96,6.9,1
299.95,310.45,1759.6,37.78,94.1,0
302.78,312.9,1718.2,44.73,20.1,0
300.73,310.09,1532.8,32.91,148.4,0
299.6,309.94,1485.8,16.22,74.6,1
301.75,311.93,1320.2,31.13,34.3,0
301.91,309.91,1446.4,30.02,54.6,0
301.61,309.32,1619.8,37.94,187.6,0
301.16,310.07,1075.7,31.34,74.1,0
297.39,309.33,1356.9,27.88,13.7,0
297.49,308.84,1360.4,45.58,206.2,0
301.44,312.87,1608.1,44.78,113.1,0
300.23,309.16,1259.6,42.85,15.3,0
299.67,308.85,1645.8,41.25,62.1,0
301.92,311.18,1431.1,26.09,59.7,0
301.43,310.78,1565.2,37.87,9.2,0
299.33,308.85,1705.6,38.65,28.5,0
298.9,308.21,1271.4,48.29,27.5,0
298.96,307.97,1772.5,55.43,230.4,1
301.17,310.8,1546.1,44.13,102.6,0
299.67,309.29,1701.0,43.91,54.9,0
299.14,308.74,1387.5,35.82,136.1,0
301.57,311.97,1540.1,50.88,186.7,0
300.35,310.5,1641.0,49.1,108.3,0
302.87,312.88,1362.4,51.06,148.5,0
299.75,308.79,1545.5,47.23,76.3,0
305.95,316.14,1811.2,40.64,90.5,0
300.52,309.82,1252.2,40.49,212.9,0
299.32,310.18,1727.4,44.57,120.7,0
298.08,308.38,1524.1,57.33,65.3,1
297.48,306.51,1550.6,49.85,165.5,0
299.28,308.52,1757.5,46.6,35.1,0
300.6,309.39,1558.7,42.25,58.5,0
298.99,308.83,1526.5,42.79,180.1,0
301.21,311.65,1441.3,43.25,74.5,0
300.54,310.91,1279.1,37.22,86.8,0
300.04,310.29,1386.6,37.95,175.5,0
302.2,311.19,1214.3,37.69,152.9,0
300.67,312.56,1518.1,52.87,160.2,0
304.05,315.26,1366.1,40.99,91.3,0
303.32,313.45,1371.4,35.3,116.7,0
299.39,309.42,1593.8,40.76,61.7,0
299.29,307.59,1889.3,35.38,109.6,0
298.55,308.87,1288.0,53.33,190.7,0
298.19,306.51,1451.3,45.69,110.1,0
299.19,309.12,1741.6,51.12,180.8,1
297.42,306.18,1453.6,47.31,87.2,0
299.13,308.79,1370.4,45.55,197.4,0
298.22,307.57,1367.8,40.07,107.1,0
299.6,309.14,1507.0,28.21,99.7,0
301.33,312.15,1343.0,34.87,32.3,0
296.93,308.02,1672.1,35.03,52.5,0
301.88,312.03,1521.6,44.39,130.7,0
301.36,310.45,1371.6,70.57,39.8,1
301.95,313.12,1773.8,32.56,69.3,0
299.45,309.71,1447.7,49.53,91.5,0
298.65,308.67,1529.8,48.23,163.2,0
301.99,312.47,1549.8,25.07,41.8,0
299.08,308.23,1463.6,46.88,144.2,0
303.26,313.16,1608.3,61.84,62.9,1
301.5,311.63,1413.4,51.47,135.7,0
296.4,305.21,1612.7,36.91,132.3,0
300.27,309.56,1721.2,42.21,116.7,0
297.72,306.85,1394.8,44.16,202.3,0
298.88,308.59,1798.9,34.84,169.7,0
300.93,310.77,1372.2,30.98,13.8,0
299.32,309.94,1861.3,48.6,12.0,1
299.86,308.34,1434.5,38.03,108.4,0
300.81,311.23,1284.1,41.53,4.9,0
297.88,307.63,1032.4,24.99,96.1,1
303.54,314.16,1400.4,49.4,147.1,0
300.8,309.24,1310.8,24.28,114.5,1
299.4,310.75,1456.2,37.59,38.7,0
300.64,310.29,1603.5,45.69,204.9,0
301.87,311.8,1482.5,27.35,128.3,0
303.81,315.23,1687.8,37.87,118.2,0
297.95,306.83,1771.9,35.87,97.5,0
300.27,313.42,1524.7,44.23,143.1,0
301.9,311.79,1300.7,54.77,178.8,0
300.02,309.55,1297.5,32.18,52.3,0
302.04,311.43,1792.1,50.11,50.7,1
301.9,310.64,1275.7,23.24,12.9,1
295.23,304.77,1471.4,35.35,49.7,0
301.05,310.0,1312.3,45.23,45.2,0
299.5,308.94,1251.5,51.57,165.9,0
299.11,309.35,1537.6,36.59,147.3,0
298.44,308.31,1840.1,44.43,74.5,0
299.45,309.25,1393.7,40.89,85.7,0
299.32,310.47,1436.1,46.19,166.8,0
303.05,312.0,1523.7,53.43,140.6,0
300.05,309.54,1355.5,40.92,175.8,0
299.08,308.73,1764.2,30.79,214.1,0
300.27,309.92,1261.3,30.34,77.4,0
300.54,310.29,1465.1,11.83,227.7,1
297.91,307.95,1680.4,61.13,196.5,1
303.13,313.05,1458.8,41.54,167.1,0
297.94,308.74,1490.3,47.71,198.0,0
299.58,308.33,1466.7,44.04,93.5,0
300.44,309.1,1809.0,40.94,112.9,0
297.62,308.49,1262.8,61.45,11.1,0
297.37,306.57,1372.1,59.41,139.0,0
297.25,307.56,1539.5,38.69,236.5,0
302.08,310.92,1251.8,43.46,214.1,0
304.3,313.54,1313.0,45.84,16.0,0
301.4,313.87,1087.2,44.31,108.7,0
298.93,309.0,1372.2,40.95,70.5,0
304.48,314.64,1410.6,53.62,155.1,0
299.55,307.15,1707.0,47.72,211.1,1
300.47,312.28,1162.3,51.61,44.4,0
300.17,311.03,1565.3,37.43,130.6,0
298.98,308.29,1482.5,48.33,233.3,1
299.61,311.09,1448.2,34.91,67.1,0
301.2,309.64,1743.7,40.62,105.4,0
297.48,309.19,1725.0,48.03,123.5,0
296.93,304.6,1375.3,44.01,147.0,1
299.17,308.96,1382.4,40.21,129.4,0
298.85,306.8,1345.2,41.78,199.4,1
302.54,313.97,1772.8,39.06,149.7,0
296.27,306.17,1446.1,42.62,216.4,0
301.32,311.43,1314.8,49.26,43.5,0
294.64,303.21,1940.2,45.5,58.0,1
298.55,309.21,1133.6,28.29,101.6,1
300.56,311.1,1425.2,45.95,92.1,0
299.2,309.02,1806.9,47.43,187.8,0
301.07,312.47,1664.0,24.77,188.0,0
299.45,310.21,1430.5,35.84,0.5,0
298.89,309.18,1495.2,32.07,45.9,0
301.03,309.62,1373.7,38.25,57.2,1
300.49,311.42,1773.1,33.89,91.5,0
301.25,310.81,1687.0,42.48,194.0,0
300.47,309.89,1501.3,52.85,92.1,0
299.22,308.85,1482.3,41.8,64.6,0
297.97,309.57,1353.1,35.67,233.8,1
296.87,305.13,1688.8,11.96,146.1,1
303.27,311.72,1699.9,23.33,59.7,0
296.12,307.08,1632.1,32.53,78.4,0
299.6,310.0,1618.6,32.23,10.8,0
296.52,306.99,1483.0,39.86,182.9,0
300.54,309.67,1640.5,49.01,109.3,0
305.35,314.18,1483.8,26.3,96.5,0
296.32,308.11,1283.0,45.7,146.7,0
299.98,310.16,1439.4,29.46,204.8,0
302.79,311.35,1446.5,41.32,203.1,0
300.69,310.47,1621.9,38.41,125.7,0
301.4,309.05,1678.8,35.5,80.8,0
298.13,308.25,1354.5,43.67,156.6,0
302.86,313.61,1468.0,40.94,23.0,0
298.34,308.38,1233.8,33.82,43.4,0
299.71,310.38,1741.5,37.05,153.5,0
297.79,308.27,1989.4,43.2,222.3,0
302.43,311.65,1536.3,29.95,169.8,0
300.37,309.67,1469.6,42.55,198.0,0
299.99,309.21,1601.0,51.54,17.3,0
301.22,310.14,1579.7,47.8,107.0,0
299.84,310.09,1541.7,42.47,206.9,1
296.07,305.58,1690.2,39.93,41.4,0
297.31,308.63,1183.4,38.43,151.0,0
300.1,309.34,1358.2,29.6,182.1,0
297.86,308.56,1668.3,43.15,77.5,0
299.77,309.93,1520.2,38.23,19.1,0
300.19,309.12,1284.8,33.61,20.2,0
301.01,309.65,1650.2,40.08,221.0,1
302.42,314.03,1448.0,29.29,125.8,0
300.04,309.72,1533.8,48.71,35.2,0
303.12,312.56,1532.8,48.32,67.5,0
298.93,308.37,1257.4,39.27,179.3,0
299.72,309.01,1237.7,36.53,36.1,0
300.37,311.43,1319.4,45.38,202.1,1
298.66,308.88,1639.3,47.64,67.2,0
298.61,309.48,1257.2,46.55,213.6,0
302.03,311.65,1479.8,42.67,147.4,0
303.74,312.54,1239.8,28.72,63.6,0
296.56,306.61,1398.9,45.67,68.8,0
300.11,310.93,1337.6,39.86,141.0,0
301.26,310.37,1366.7,41.92,198.2,0
303.3,313.59,1511.2,49.91,100.8,0
299.56,309.59,1526.7,38.46,208.0,0
298.95,309.63,1386.9,42.26,21.2,0
299.08,310.11,1581.9,56.71,14.3,1
297.0,306.07,1465.5,37.58,204.3,0
300.55,309.63,1366.7,49.29,58.1,0
299.61,310.37,1518.9,68.57,192.1,1
298.82,307.95,1511.2,64.79,219.3,1
301.41,312.16,1753.0,38.57,219.7,0
305.02,315.23,1497.2,42.42,239.9,0
302.95,313.65,1594.7,27.83,180.8,0
298.65,309.45,1742.3,47.25,143.5,0
297.03,306.36,1786.8,12.49,20.8,1
303.35,314.6,1200.8,39.75,107.5,0
301.83,311.39,1758.3,47.48,112.9,0
299.21,309.41,1337.8,28.7,122.7,0
299.21,308.5,1268.7,43.17,96.0,0
297.96,306.54,1221.4,53.92,170.0,1
301.92,312.02,1622.7,47.55,234.7,0
302.85,313.0,1760.9,46.58,168.3,0
299.94,309.86,1618.9,54.15,119.1,1
303.3,312.23,1362.5,57.49,163.3,0
298.5,307.77,1557.7,38.1,13.2,0
303.72,314.56,1328.7,38.06,74.0,0
298.58,310.46,1555.1,53.01,21.7,0
296.85,307.32,1425.3,46.58,71.8,0
299.66,310.16,1593.3,52.62,67.7,0
304.24,314.46,1576.2,35.7,173.3,0
300.47,309.35,1525.8,49.29,19.7,0
302.61,311.85,1505.5,29.79,74.4,0
301.57,310.7,1460.7,46.39,232.6,1
302.66,313.35,1668.4,40.51,89.7,0
299.47,311.86,1362.7,44.29,195.5,0
297.13,309.12,1786.2,33.2,87.5,0
300.5,310.94,1347.5,37.23,210.4,1
302.45,312.92,1376.0,59.68,190.5,0
301.09,311.37,2000.9,39.64,79.3,0
301.36,309.57,1585.9,39.18,110.6,0
300.06,309.44,1082.1,34.34,23.3,0
300.46,311.67,1575.8,38.77,214.0,0
299.3,306.18,1564.0,39.1,62.0,0
298.84,309.35,1353.2,12.85,41.5,1
300.8,310.56,1365.5,33.95,111.2,0
303.0,310.68,1697.4,24.29,176.5,0
300.58,310.8,1419.9,50.39,46.4,0
300.72,310.95,1487.3,35.76,59.9,0
298.58,309.82,1272.8,54.79,228.5,0
300.68,310.76,1490.9,41.34,105.8,0
302.69,313.52,1695.7,31.42,213.1,0
298.72,308.16,1517.9,31.28,97.6,0
301.13,310.23,1499.3,31.46,237.1,0
300.68,309.07,1597.3,52.23,33.9,0
303.66,312.92,1365.7,34.73,13.2,0
299.71,310.1,1284.2,29.0,24.7,0
299.18,309.41,1439.9,30.77,153.8,0
299.67,309.26,1781.0,46.05,201.6,0
298.95,308.86,1450.4,35.4,177.6,0
299.09,309.4,1684.2,19.67,36.5,1
303.15,314.07,1341.7,51.22,40.9,0
300.76,308.9,1339.6,35.91,35.0,1
297.22,306.96,1177.3,40.39,170.0,0
299.99,309.84,1410.5,37.71,191.9,0
296.85,305.1,1360.0,31.34,182.4,1
297.91,307.56,1469.6,34.39,7.3,0
302.85,312.49,1621.2,35.89,81.5,0
298.95,308.97,1577.8,28.0,225.4,0
299.02,309.7,1611.5,54.64,10.7,1
298.94,307.87,1730.4,33.53,169.6,0
301.7,312.83,1467.9,39.82,91.2,0
299.89,310.12,1587.2,21.75,62.9,0
298.36,308.82,1436.1,50.82,108.3,0
301.03,309.58,1371.4,34.31,172.3,1
304.0,314.29,1180.6,19.98,140.3,1
299.03,309.9,1453.7,33.75,22.5,0
297.85,308.75,1301.4,54.33,52.9,0
297.71,307.27,1674.4,35.2,211.2,0
298.57,306.49,1243.7,27.71,17.8,1
296.12,307.74,1418.4,42.62,222.6,1
300.85,310.91,1737.1,49.28,46.4,0
296.66,308.18,1261.5,41.51,159.7,0
296.09,306.76,1505.7,26.18,51.4,0
301.78,311.87,1518.2,23.84,205.6,0
301.0,309.37,1470.9,27.29,228.2,0
299.05,310.3,1503.1,32.25,194.1,0
299.4,306.91,1520.2,50.72,134.6,0
296.48,305.39,1678.0,37.28,51.6,0
302.42,312.87,1487.5,34.85,175.2,0
296.37,306.45,1492.1,51.95,124.1,0
300.97,309.84,1543.3,21.18,79.6,1
299.57,309.04,1633.4,33.94,159.2,0
298.46,307.2,1573.7,35.78,217.5,0
302.75,311.77,1596.9,44.5,58.9,0
300.54,311.58,1335.4,39.43,128.4,0
298.58,310.86,1153.7,50.2,153.4,0
297.25,307.23,1371.6,45.24,132.4,0
298.43,308.53,1469.4,48.71,138.0,0
299.59,309.94,1424.7,45.23,225.0,0
298.03,309.49,1378.3,52.34,221.7,0
297.52,307.61,1360.4,42.13,232.1,0
296.51,304.5,1216.7,53.74,222.9,1
299.55,310.0,1499.0,34.99,148.1,0
298.46,308.49,1540.3,53.6,85.3,0
298.58,310.13,1534.5,29.47,212.8,0
297.48,307.97,1522.5,55.97,219.2,0
301.79,311.53,1385.4,39.83,200.4,0
300.2,310.46,1508.7,31.11,114.1,0
299.21,308.74,1482.0,45.1,67.4,0
296.8,306.37,1409.6,53.86,40.2,0
298.13,308.99,1301.4,35.0,61.0,0
299.64,309.38,1721.4,47.05,121.5,0
300.25,310.28,1612.6,61.03,132.9,1
303.53,314.39,1632.8,32.19,58.1,0
300.68,309.5,1258.3,49.72,25.0,0
299.12,309.76,1472.2,40.89,58.8,0
301.13,311.95,1355.2,32.9,205.4,1
300.92,310.01,1435.6,28.86,11.5,0
299.32,309.91,1814.0,31.14,71.7,0
299.15,308.94,1397.1,25.33,197.0,0
298.74,309.62,1309.0,29.18,192.7,0
299.61,309.83,1867.7,37.56,227.8,1
299.33,307.41,1344.0,28.23,133.7,1
301.92,310.77,1148.3,45.81,131.8,0
301.0,311.31,1557.5,47.07,226.2,0
297.63,307.8,1456.7,49.74,107.0,0
297.08,305.88,1665.5,23.57,19.7,0
300.5,309.24,1425.1,38.06,121.2,0
298.14,308.4,1713.3,45.44,165.1,0
298.92,310.61,1414.1,36.35,49.4,0
303.61,314.93,1417.8,35.72,182.2,0
300.15,308.95,1336.1,28.4,114.2,0
298.01,308.4,1385.4,46.03,215.5,0
298.9,309.55,1302.3,30.59,170.0,0
298.9,308.25,1690.5,38.93,113.0,0
298.19,308.23,1303.9,46.86,228.2,0
300.76,310.07,1207.8,26.14,116.9,1
302.91,312.4,1473.6,44.66,50.5,0
298.14,307.52,1765.7,39.45,26.3,0
302.73,312.28,1153.8,44.64,184.0,0
298.83,308.32,1327.5,24.2,158.2,1
299.21,308.13,1700.3,61.16,112.4,1
297.97,307.97,1631.0,45.56,155.6,0
299.73,308.58,1683.8,46.96,210.1,0
300.66,312.1,1707.1,56.18,128.7,1
301.81,311.62,1809.1,41.91,180.0,0
300.85,308.99,1258.0,41.19,199.9,1
298.47,309.37,1396.0,31.66,37.3,0
301.97,311.23,1713.0,32.4,28.2,0
300.42,310.99,1567.0,55.89,188.9,1
298.6,307.77,1437.1,50.62,60.4,0
302.39,309.19,1231.4,45.42,61.1,1
302.95,312.75,1173.0,41.24,196.9,0
300.05,310.88,1232.8,34.55,137.3,0
302.42,312.38,1588.2,63.13,89.5,1
300.06,309.79,1386.2,41.56,197.9,0
300.65,310.89,1343.6,52.29,158.2,0
300.91,311.03,1499.2,16.27,110.4,1
300.4,309.63,1720.3,42.61,168.2,0
301.07,312.17,1468.1,44.18,216.9,0
299.99,309.04,1549.0,33.18,131.9,0
300.68,309.4,1245.3,45.08,84.7,0
300.68,311.68,1672.4,39.99,161.7,0
298.49,309.45,1325.6,46.36,109.1,0
301.67,312.59,1490.4,44.19,51.3,0
